card_name,set_name,number_in_set,printing_option,condition,market_price,image
Ampharos,Secret Wonders,1,Holofoil,Damaged,2.86,https://images.pokemontcg.io/dp3/1.png
Ampharos,Secret Wonders,1,Holofoil,Heavily Played,4.69,https://images.pokemontcg.io/dp3/1.png
Ampharos,Secret Wonders,1,Holofoil,Moderately Played,4.49,https://images.pokemontcg.io/dp3/1.png
Ampharos,Secret Wonders,1,Holofoil,Lightly Played,10.71,https://images.pokemontcg.io/dp3/1.png
Ampharos,Secret Wonders,1,Holofoil,Near Mint,19.12,https://images.pokemontcg.io/dp3/1.png
Ampharos,Secret Wonders,1,Reverse Holofoil,Damaged,2.46,https://images.pokemontcg.io/dp3/1.png
Ampharos,Secret Wonders,1,Reverse Holofoil,Heavily Played,2.17,https://images.pokemontcg.io/dp3/1.png
Ampharos,Secret Wonders,1,Reverse Holofoil,Moderately Played,6.35,https://images.pokemontcg.io/dp3/1.png
Ampharos,Secret Wonders,1,Reverse Holofoil,Lightly Played,9.35,https://images.pokemontcg.io/dp3/1.png
Ampharos,Secret Wonders,1,Reverse Holofoil,Near Mint,13.95,https://images.pokemontcg.io/dp3/1.png
Bulbasaur,Detective Pikachu,1,Normal,Damaged,,https://images.pokemontcg.io/det1/1.png
Bulbasaur,Detective Pikachu,1,Normal,Heavily Played,,https://images.pokemontcg.io/det1/1.png
Bulbasaur,Detective Pikachu,1,Normal,Moderately Played,,https://images.pokemontcg.io/det1/1.png
Bulbasaur,Detective Pikachu,1,Normal,Lightly Played,,https://images.pokemontcg.io/det1/1.png
Bulbasaur,Detective Pikachu,1,Normal,Near Mint,,https://images.pokemontcg.io/det1/1.png
Dratini,Dragon Vault,1,Holofoil,Damaged,0.7,https://images.pokemontcg.io/dv1/1.png
Dratini,Dragon Vault,1,Holofoil,Heavily Played,1.32,https://images.pokemontcg.io/dv1/1.png
Dratini,Dragon Vault,1,Holofoil,Moderately Played,1.11,https://images.pokemontcg.io/dv1/1.png
Dratini,Dragon Vault,1,Holofoil,Lightly Played,1.27,https://images.pokemontcg.io/dv1/1.png
Dratini,Dragon Vault,1,Holofoil,Near Mint,2.4,https://images.pokemontcg.io/dv1/1.png
Caterpie,McDonald's Collection 2019,1,Holofoil,Damaged,1.36,https://images.pokemontcg.io/mcd19/1.png
Caterpie,McDonald's Collection 2019,1,Holofoil,Heavily Played,1.34,https://images.pokemontcg.io/mcd19/1.png
Caterpie,McDonald's Collection 2019,1,Holofoil,Moderately Played,2.76,https://images.pokemontcg.io/mcd19/1.png
Caterpie,McDonald's Collection 2019,1,Holofoil,Lightly Played,6.38,https://images.pokemontcg.io/mcd19/1.png
Caterpie,McDonald's Collection 2019,1,Holofoil,Near Mint,,https://images.pokemontcg.io/mcd19/1.png
Absol G,Supreme Victors,1,Holofoil,Damaged,2.98,https://images.pokemontcg.io/pl3/1.png
Absol G,Supreme Victors,1,Holofoil,Heavily Played,3.07,https://images.pokemontcg.io/pl3/1.png
Absol G,Supreme Victors,1,Holofoil,Moderately Played,8.22,https://images.pokemontcg.io/pl3/1.png
Absol G,Supreme Victors,1,Holofoil,Lightly Played,9.09,https://images.pokemontcg.io/pl3/1.png
Absol G,Supreme Victors,1,Holofoil,Near Mint,15.37,https://images.pokemontcg.io/pl3/1.png
Absol G,Supreme Victors,1,Reverse Holofoil,Damaged,2.98,https://images.pokemontcg.io/pl3/1.png
Absol G,Supreme Victors,1,Reverse Holofoil,Heavily Played,3.07,https://images.pokemontcg.io/pl3/1.png
Absol G,Supreme Victors,1,Reverse Holofoil,Moderately Played,8.22,https://images.pokemontcg.io/pl3/1.png
Absol G,Supreme Victors,1,Reverse Holofoil,Lightly Played,9.09,https://images.pokemontcg.io/pl3/1.png
Absol G,Supreme Victors,1,Reverse Holofoil,Near Mint,15.37,https://images.pokemontcg.io/pl3/1.png
Aerodactyl,Legend Maker,1,Reverse Holofoil,Damaged,7.74,https://images.pokemontcg.io/ex12/1.png
Aerodactyl,Legend Maker,1,Reverse Holofoil,Heavily Played,16.78,https://images.pokemontcg.io/ex12/1.png
Aerodactyl,Legend Maker,1,Reverse Holofoil,Moderately Played,16.15,https://images.pokemontcg.io/ex12/1.png
Aerodactyl,Legend Maker,1,Reverse Holofoil,Lightly Played,19.38,https://images.pokemontcg.io/ex12/1.png
Aerodactyl,Legend Maker,1,Reverse Holofoil,Near Mint,45.99,https://images.pokemontcg.io/ex12/1.png
Aerodactyl,Legend Maker,1,Holofoil,Damaged,7.74,https://images.pokemontcg.io/ex12/1.png
Aerodactyl,Legend Maker,1,Holofoil,Heavily Played,16.78,https://images.pokemontcg.io/ex12/1.png
Aerodactyl,Legend Maker,1,Holofoil,Moderately Played,16.15,https://images.pokemontcg.io/ex12/1.png
Aerodactyl,Legend Maker,1,Holofoil,Lightly Played,19.38,https://images.pokemontcg.io/ex12/1.png
Aerodactyl,Legend Maker,1,Holofoil,Near Mint,45.99,https://images.pokemontcg.io/ex12/1.png
Absol,Dragon,1,Holofoil,Damaged,16.49,https://images.pokemontcg.io/ex3/1.png
Absol,Dragon,1,Holofoil,Heavily Played,16.03,https://images.pokemontcg.io/ex3/1.png
Absol,Dragon,1,Holofoil,Moderately Played,42.99,https://images.pokemontcg.io/ex3/1.png
Absol,Dragon,1,Holofoil,Lightly Played,52.97,https://images.pokemontcg.io/ex3/1.png
Absol,Dragon,1,Holofoil,Near Mint,52.54,https://images.pokemontcg.io/ex3/1.png
Absol,Dragon,1,Reverse Holofoil,Damaged,16.49,https://images.pokemontcg.io/ex3/1.png
Absol,Dragon,1,Reverse Holofoil,Heavily Played,16.03,https://images.pokemontcg.io/ex3/1.png
Absol,Dragon,1,Reverse Holofoil,Moderately Played,42.99,https://images.pokemontcg.io/ex3/1.png
Absol,Dragon,1,Reverse Holofoil,Lightly Played,52.97,https://images.pokemontcg.io/ex3/1.png
Absol,Dragon,1,Reverse Holofoil,Near Mint,52.54,https://images.pokemontcg.io/ex3/1.png
Venusaur,Pokémon Rumble,1,Holofoil,Damaged,32.59,https://images.pokemontcg.io/ru1/1.png
Venusaur,Pokémon Rumble,1,Holofoil,Heavily Played,43.98,https://images.pokemontcg.io/ru1/1.png
Venusaur,Pokémon Rumble,1,Holofoil,Moderately Played,68.52,https://images.pokemontcg.io/ru1/1.png
Venusaur,Pokémon Rumble,1,Holofoil,Lightly Played,103.81,https://images.pokemontcg.io/ru1/1.png
Venusaur,Pokémon Rumble,1,Holofoil,Near Mint,126.98,https://images.pokemontcg.io/ru1/1.png
Ampharos,Aquapolis,H1,Normal,Damaged,8.82,https://images.pokemontcg.io/ecard2/H1.png
Ampharos,Aquapolis,H1,Normal,Heavily Played,6.51,https://images.pokemontcg.io/ecard2/H1.png
Ampharos,Aquapolis,H1,Normal,Moderately Played,8.5,https://images.pokemontcg.io/ecard2/H1.png
Ampharos,Aquapolis,H1,Normal,Lightly Played,14.95,https://images.pokemontcg.io/ecard2/H1.png
Ampharos,Aquapolis,H1,Normal,Near Mint,22.99,https://images.pokemontcg.io/ecard2/H1.png
Ampharos,Aquapolis,H1,Reverse Holofoil,Damaged,8.82,https://images.pokemontcg.io/ecard2/H1.png
Ampharos,Aquapolis,H1,Reverse Holofoil,Heavily Played,6.51,https://images.pokemontcg.io/ecard2/H1.png
Ampharos,Aquapolis,H1,Reverse Holofoil,Moderately Played,8.5,https://images.pokemontcg.io/ecard2/H1.png
Ampharos,Aquapolis,H1,Reverse Holofoil,Lightly Played,14.95,https://images.pokemontcg.io/ecard2/H1.png
Ampharos,Aquapolis,H1,Reverse Holofoil,Near Mint,22.99,https://images.pokemontcg.io/ecard2/H1.png
Alakazam,Base Set 2,1,Holofoil,Damaged,10.28,https://images.pokemontcg.io/base4/1.png
Alakazam,Base Set 2,1,Holofoil,Heavily Played,13.0,https://images.pokemontcg.io/base4/1.png
Alakazam,Base Set 2,1,Holofoil,Moderately Played,16.92,https://images.pokemontcg.io/base4/1.png
Alakazam,Base Set 2,1,Holofoil,Lightly Played,22.36,https://images.pokemontcg.io/base4/1.png
Alakazam,Base Set 2,1,Holofoil,Near Mint,34.62,https://images.pokemontcg.io/base4/1.png
Arcanine,HeartGold & SoulSilver,1,Holofoil,Damaged,8.54,https://images.pokemontcg.io/hgss1/1.png
Arcanine,HeartGold & SoulSilver,1,Holofoil,Heavily Played,11.88,https://images.pokemontcg.io/hgss1/1.png
Arcanine,HeartGold & SoulSilver,1,Holofoil,Moderately Played,12.83,https://images.pokemontcg.io/hgss1/1.png
Arcanine,HeartGold & SoulSilver,1,Holofoil,Lightly Played,21.01,https://images.pokemontcg.io/hgss1/1.png
Arcanine,HeartGold & SoulSilver,1,Holofoil,Near Mint,37.66,https://images.pokemontcg.io/hgss1/1.png
Arcanine,HeartGold & SoulSilver,1,Reverse Holofoil,Damaged,8.54,https://images.pokemontcg.io/hgss1/1.png
Arcanine,HeartGold & SoulSilver,1,Reverse Holofoil,Heavily Played,11.88,https://images.pokemontcg.io/hgss1/1.png
Arcanine,HeartGold & SoulSilver,1,Reverse Holofoil,Moderately Played,12.83,https://images.pokemontcg.io/hgss1/1.png
Arcanine,HeartGold & SoulSilver,1,Reverse Holofoil,Lightly Played,21.01,https://images.pokemontcg.io/hgss1/1.png
Arcanine,HeartGold & SoulSilver,1,Reverse Holofoil,Near Mint,37.66,https://images.pokemontcg.io/hgss1/1.png
Beedrill δ,Delta Species,1,,Damaged,,https://images.pokemontcg.io/ex11/1.png
Beedrill δ,Delta Species,1,,Heavily Played,,https://images.pokemontcg.io/ex11/1.png
Beedrill δ,Delta Species,1,,Moderately Played,,https://images.pokemontcg.io/ex11/1.png
Beedrill δ,Delta Species,1,,Lightly Played,,https://images.pokemontcg.io/ex11/1.png
Beedrill δ,Delta Species,1,,Near Mint,,https://images.pokemontcg.io/ex11/1.png
Azumarill,Team Rocket Returns,1,,Damaged,,https://images.pokemontcg.io/ex7/1.png
Azumarill,Team Rocket Returns,1,,Heavily Played,,https://images.pokemontcg.io/ex7/1.png
Azumarill,Team Rocket Returns,1,,Moderately Played,,https://images.pokemontcg.io/ex7/1.png
Azumarill,Team Rocket Returns,1,,Lightly Played,,https://images.pokemontcg.io/ex7/1.png
Azumarill,Team Rocket Returns,1,,Near Mint,,https://images.pokemontcg.io/ex7/1.png
Blaine's Moltres,Gym Heroes,1,Unlimited Holofoil,Damaged,24.62,https://images.pokemontcg.io/gym1/1.png
Blaine's Moltres,Gym Heroes,1,Unlimited Holofoil,Heavily Played,30.53,https://images.pokemontcg.io/gym1/1.png
Blaine's Moltres,Gym Heroes,1,Unlimited Holofoil,Moderately Played,44.95,https://images.pokemontcg.io/gym1/1.png
Blaine's Moltres,Gym Heroes,1,Unlimited Holofoil,Lightly Played,66.66,https://images.pokemontcg.io/gym1/1.png
Blaine's Moltres,Gym Heroes,1,Unlimited Holofoil,Near Mint,86.08,https://images.pokemontcg.io/gym1/1.png
Blaine's Moltres,Gym Heroes,1,1st Edition Holofoil,Damaged,66.54,https://images.pokemontcg.io/gym1/1.png
Blaine's Moltres,Gym Heroes,1,1st Edition Holofoil,Heavily Played,65.27,https://images.pokemontcg.io/gym1/1.png
Blaine's Moltres,Gym Heroes,1,1st Edition Holofoil,Moderately Played,105.7,https://images.pokemontcg.io/gym1/1.png
Blaine's Moltres,Gym Heroes,1,1st Edition Holofoil,Lightly Played,198.44,https://images.pokemontcg.io/gym1/1.png
Blaine's Moltres,Gym Heroes,1,1st Edition Holofoil,Near Mint,134.91,https://images.pokemontcg.io/gym1/1.png
Aerodactyl,Fossil,1,Unlimited Holofoil,Damaged,16.67,https://images.pokemontcg.io/base3/1.png
Aerodactyl,Fossil,1,Unlimited Holofoil,Heavily Played,8.73,https://images.pokemontcg.io/base3/1.png
Aerodactyl,Fossil,1,Unlimited Holofoil,Moderately Played,12.14,https://images.pokemontcg.io/base3/1.png
Aerodactyl,Fossil,1,Unlimited Holofoil,Lightly Played,47.63,https://images.pokemontcg.io/base3/1.png
Aerodactyl,Fossil,1,Unlimited Holofoil,Near Mint,26.98,https://images.pokemontcg.io/base3/1.png
Aerodactyl,Fossil,1,1st Edition Holofoil,Damaged,16.67,https://images.pokemontcg.io/base3/1.png
Aerodactyl,Fossil,1,1st Edition Holofoil,Heavily Played,8.73,https://images.pokemontcg.io/base3/1.png
Aerodactyl,Fossil,1,1st Edition Holofoil,Moderately Played,12.14,https://images.pokemontcg.io/base3/1.png
Aerodactyl,Fossil,1,1st Edition Holofoil,Lightly Played,47.63,https://images.pokemontcg.io/base3/1.png
Aerodactyl,Fossil,1,1st Edition Holofoil,Near Mint,26.98,https://images.pokemontcg.io/base3/1.png
Celebi & Venusaur-GX,Team Up,1,,Damaged,,https://images.pokemontcg.io/sm9/1.png
Celebi & Venusaur-GX,Team Up,1,,Heavily Played,,https://images.pokemontcg.io/sm9/1.png
Celebi & Venusaur-GX,Team Up,1,,Moderately Played,,https://images.pokemontcg.io/sm9/1.png
Celebi & Venusaur-GX,Team Up,1,,Lightly Played,,https://images.pokemontcg.io/sm9/1.png
Celebi & Venusaur-GX,Team Up,1,,Near Mint,,https://images.pokemontcg.io/sm9/1.png
Caterpie,Flashfire,1,Normal,Damaged,0.12,https://images.pokemontcg.io/xy2/1.png
Caterpie,Flashfire,1,Normal,Heavily Played,0.1,https://images.pokemontcg.io/xy2/1.png
Caterpie,Flashfire,1,Normal,Moderately Played,0.13,https://images.pokemontcg.io/xy2/1.png
Caterpie,Flashfire,1,Normal,Lightly Played,0.13,https://images.pokemontcg.io/xy2/1.png
Caterpie,Flashfire,1,Normal,Near Mint,0.21,https://images.pokemontcg.io/xy2/1.png
Caterpie,Flashfire,1,Reverse Holofoil,Damaged,0.12,https://images.pokemontcg.io/xy2/1.png
Caterpie,Flashfire,1,Reverse Holofoil,Heavily Played,0.1,https://images.pokemontcg.io/xy2/1.png
Caterpie,Flashfire,1,Reverse Holofoil,Moderately Played,0.13,https://images.pokemontcg.io/xy2/1.png
Caterpie,Flashfire,1,Reverse Holofoil,Lightly Played,0.34,https://images.pokemontcg.io/xy2/1.png
Caterpie,Flashfire,1,Reverse Holofoil,Near Mint,0.21,https://images.pokemontcg.io/xy2/1.png
Bastiodon,POP Series 6,1,Normal,Damaged,1.0,https://images.pokemontcg.io/pop6/1.png
Bastiodon,POP Series 6,1,Normal,Heavily Played,0.34,https://images.pokemontcg.io/pop6/1.png
Bastiodon,POP Series 6,1,Normal,Moderately Played,0.77,https://images.pokemontcg.io/pop6/1.png
Bastiodon,POP Series 6,1,Normal,Lightly Played,1.22,https://images.pokemontcg.io/pop6/1.png
Bastiodon,POP Series 6,1,Normal,Near Mint,1.59,https://images.pokemontcg.io/pop6/1.png
Arcanine,Aquapolis,H2,Normal,Damaged,,https://images.pokemontcg.io/ecard2/H2.png
Arcanine,Aquapolis,H2,Normal,Heavily Played,,https://images.pokemontcg.io/ecard2/H2.png
Arcanine,Aquapolis,H2,Normal,Moderately Played,,https://images.pokemontcg.io/ecard2/H2.png
Arcanine,Aquapolis,H2,Normal,Lightly Played,45.14,https://images.pokemontcg.io/ecard2/H2.png
Arcanine,Aquapolis,H2,Normal,Near Mint,40.98,https://images.pokemontcg.io/ecard2/H2.png
Arcanine,Aquapolis,H2,Reverse Holofoil,Damaged,,https://images.pokemontcg.io/ecard2/H2.png
Arcanine,Aquapolis,H2,Reverse Holofoil,Heavily Played,,https://images.pokemontcg.io/ecard2/H2.png
Arcanine,Aquapolis,H2,Reverse Holofoil,Moderately Played,,https://images.pokemontcg.io/ecard2/H2.png
Arcanine,Aquapolis,H2,Reverse Holofoil,Lightly Played,45.14,https://images.pokemontcg.io/ecard2/H2.png
Arcanine,Aquapolis,H2,Reverse Holofoil,Near Mint,40.98,https://images.pokemontcg.io/ecard2/H2.png
Altaria,Triumphant,2,,Damaged,,https://images.pokemontcg.io/hgss4/2.png
Altaria,Triumphant,2,,Heavily Played,,https://images.pokemontcg.io/hgss4/2.png
Altaria,Triumphant,2,,Moderately Played,,https://images.pokemontcg.io/hgss4/2.png
Altaria,Triumphant,2,,Lightly Played,,https://images.pokemontcg.io/hgss4/2.png
Altaria,Triumphant,2,,Near Mint,,https://images.pokemontcg.io/hgss4/2.png
Blastoise,Platinum,2,,Damaged,,https://images.pokemontcg.io/pl1/2.png
Blastoise,Platinum,2,,Heavily Played,,https://images.pokemontcg.io/pl1/2.png
Blastoise,Platinum,2,,Moderately Played,,https://images.pokemontcg.io/pl1/2.png
Blastoise,Platinum,2,,Lightly Played,,https://images.pokemontcg.io/pl1/2.png
Blastoise,Platinum,2,,Near Mint,,https://images.pokemontcg.io/pl1/2.png
Altaria,Dragon,2,,Damaged,,https://images.pokemontcg.io/ex3/2.png
Altaria,Dragon,2,,Heavily Played,,https://images.pokemontcg.io/ex3/2.png
Altaria,Dragon,2,,Moderately Played,,https://images.pokemontcg.io/ex3/2.png
Altaria,Dragon,2,,Lightly Played,,https://images.pokemontcg.io/ex3/2.png
Altaria,Dragon,2,,Near Mint,,https://images.pokemontcg.io/ex3/2.png
Blastoise,Secret Wonders,2,Holofoil,Damaged,6.66,https://images.pokemontcg.io/dp3/2.png
Blastoise,Secret Wonders,2,Holofoil,Heavily Played,10.41,https://images.pokemontcg.io/dp3/2.png
Blastoise,Secret Wonders,2,Holofoil,Moderately Played,17.94,https://images.pokemontcg.io/dp3/2.png
Blastoise,Secret Wonders,2,Holofoil,Lightly Played,25.74,https://images.pokemontcg.io/dp3/2.png
Blastoise,Secret Wonders,2,Holofoil,Near Mint,75.3,https://images.pokemontcg.io/dp3/2.png
Blastoise,Secret Wonders,2,Reverse Holofoil,Damaged,5.53,https://images.pokemontcg.io/dp3/2.png
Blastoise,Secret Wonders,2,Reverse Holofoil,Heavily Played,7.03,https://images.pokemontcg.io/dp3/2.png
Blastoise,Secret Wonders,2,Reverse Holofoil,Moderately Played,15.34,https://images.pokemontcg.io/dp3/2.png
Blastoise,Secret Wonders,2,Reverse Holofoil,Lightly Played,18.24,https://images.pokemontcg.io/dp3/2.png
Blastoise,Secret Wonders,2,Reverse Holofoil,Near Mint,87.48,https://images.pokemontcg.io/dp3/2.png
Articuno,Fossil,2,Unlimited,Damaged,5.06,https://images.pokemontcg.io/base3/2.png
Articuno,Fossil,2,Unlimited,Heavily Played,2.8,https://images.pokemontcg.io/base3/2.png
Articuno,Fossil,2,Unlimited,Moderately Played,10.53,https://images.pokemontcg.io/base3/2.png
Articuno,Fossil,2,Unlimited,Lightly Played,14.25,https://images.pokemontcg.io/base3/2.png
Articuno,Fossil,2,Unlimited,Near Mint,9.01,https://images.pokemontcg.io/base3/2.png
Articuno,Fossil,2,1st Edition,Damaged,5.06,https://images.pokemontcg.io/base3/2.png
Articuno,Fossil,2,1st Edition,Heavily Played,2.8,https://images.pokemontcg.io/base3/2.png
Articuno,Fossil,2,1st Edition,Moderately Played,10.53,https://images.pokemontcg.io/base3/2.png
Articuno,Fossil,2,1st Edition,Lightly Played,14.25,https://images.pokemontcg.io/base3/2.png
Articuno,Fossil,2,1st Edition,Near Mint,9.01,https://images.pokemontcg.io/base3/2.png
Blaziken FB,Supreme Victors,2,Holofoil,Damaged,3.14,https://images.pokemontcg.io/pl3/2.png
Blaziken FB,Supreme Victors,2,Holofoil,Heavily Played,4.61,https://images.pokemontcg.io/pl3/2.png
Blaziken FB,Supreme Victors,2,Holofoil,Moderately Played,7.33,https://images.pokemontcg.io/pl3/2.png
Blaziken FB,Supreme Victors,2,Holofoil,Lightly Played,9.9,https://images.pokemontcg.io/pl3/2.png
Blaziken FB,Supreme Victors,2,Holofoil,Near Mint,,https://images.pokemontcg.io/pl3/2.png
Blaziken FB,Supreme Victors,2,Reverse Holofoil,Damaged,3.14,https://images.pokemontcg.io/pl3/2.png
Blaziken FB,Supreme Victors,2,Reverse Holofoil,Heavily Played,4.61,https://images.pokemontcg.io/pl3/2.png
Blaziken FB,Supreme Victors,2,Reverse Holofoil,Moderately Played,7.33,https://images.pokemontcg.io/pl3/2.png
Blaziken FB,Supreme Victors,2,Reverse Holofoil,Lightly Played,9.9,https://images.pokemontcg.io/pl3/2.png
Blaziken FB,Supreme Victors,2,Reverse Holofoil,Near Mint,,https://images.pokemontcg.io/pl3/2.png
Crobat δ,Delta Species,2,Holofoil,Damaged,2.84,https://images.pokemontcg.io/ex11/2.png
Crobat δ,Delta Species,2,Holofoil,Heavily Played,3.58,https://images.pokemontcg.io/ex11/2.png
Crobat δ,Delta Species,2,Holofoil,Moderately Played,6.01,https://images.pokemontcg.io/ex11/2.png
Crobat δ,Delta Species,2,Holofoil,Lightly Played,10.75,https://images.pokemontcg.io/ex11/2.png
Crobat δ,Delta Species,2,Holofoil,Near Mint,13.61,https://images.pokemontcg.io/ex11/2.png
Crobat δ,Delta Species,2,Reverse Holofoil,Damaged,2.84,https://images.pokemontcg.io/ex11/2.png
Crobat δ,Delta Species,2,Reverse Holofoil,Heavily Played,3.58,https://images.pokemontcg.io/ex11/2.png
Crobat δ,Delta Species,2,Reverse Holofoil,Moderately Played,6.01,https://images.pokemontcg.io/ex11/2.png
Crobat δ,Delta Species,2,Reverse Holofoil,Lightly Played,10.75,https://images.pokemontcg.io/ex11/2.png
Crobat δ,Delta Species,2,Reverse Holofoil,Near Mint,13.61,https://images.pokemontcg.io/ex11/2.png
Lucario,POP Series 6,2,Normal,Damaged,,https://images.pokemontcg.io/pop6/2.png
Lucario,POP Series 6,2,Normal,Heavily Played,3.13,https://images.pokemontcg.io/pop6/2.png
Lucario,POP Series 6,2,Normal,Moderately Played,,https://images.pokemontcg.io/pop6/2.png
Lucario,POP Series 6,2,Normal,Lightly Played,4.81,https://images.pokemontcg.io/pop6/2.png
Lucario,POP Series 6,2,Normal,Near Mint,,https://images.pokemontcg.io/pop6/2.png
Metapod,Flashfire,2,Normal,Damaged,,https://images.pokemontcg.io/xy2/2.png
Metapod,Flashfire,2,Normal,Heavily Played,,https://images.pokemontcg.io/xy2/2.png
Metapod,Flashfire,2,Normal,Moderately Played,0.01,https://images.pokemontcg.io/xy2/2.png
Metapod,Flashfire,2,Normal,Lightly Played,0.44,https://images.pokemontcg.io/xy2/2.png
Metapod,Flashfire,2,Normal,Near Mint,0.99,https://images.pokemontcg.io/xy2/2.png
Metapod,Flashfire,2,Reverse Holofoil,Damaged,,https://images.pokemontcg.io/xy2/2.png
Metapod,Flashfire,2,Reverse Holofoil,Heavily Played,,https://images.pokemontcg.io/xy2/2.png
Metapod,Flashfire,2,Reverse Holofoil,Moderately Played,0.01,https://images.pokemontcg.io/xy2/2.png
Metapod,Flashfire,2,Reverse Holofoil,Lightly Played,0.44,https://images.pokemontcg.io/xy2/2.png
Metapod,Flashfire,2,Reverse Holofoil,Near Mint,0.99,https://images.pokemontcg.io/xy2/2.png
Blastoise,Base Set 2,2,Holofoil,Damaged,33.39,https://images.pokemontcg.io/base4/2.png
Blastoise,Base Set 2,2,Holofoil,Heavily Played,40.88,https://images.pokemontcg.io/base4/2.png
Blastoise,Base Set 2,2,Holofoil,Moderately Played,56.93,https://images.pokemontcg.io/base4/2.png
Blastoise,Base Set 2,2,Holofoil,Lightly Played,66.74,https://images.pokemontcg.io/base4/2.png
Blastoise,Base Set 2,2,Holofoil,Near Mint,102.07,https://images.pokemontcg.io/base4/2.png
Brock's Rhydon,Gym Heroes,2,Unlimited Holofoil,Damaged,36.65,https://images.pokemontcg.io/gym1/2.png
Brock's Rhydon,Gym Heroes,2,Unlimited Holofoil,Heavily Played,29.05,https://images.pokemontcg.io/gym1/2.png
Brock's Rhydon,Gym Heroes,2,Unlimited Holofoil,Moderately Played,55.76,https://images.pokemontcg.io/gym1/2.png
Brock's Rhydon,Gym Heroes,2,Unlimited Holofoil,Lightly Played,15.61,https://images.pokemontcg.io/gym1/2.png
Brock's Rhydon,Gym Heroes,2,Unlimited Holofoil,Near Mint,126.33,https://images.pokemontcg.io/gym1/2.png
Brock's Rhydon,Gym Heroes,2,1st Edition Holofoil,Damaged,36.65,https://images.pokemontcg.io/gym1/2.png
Brock's Rhydon,Gym Heroes,2,1st Edition Holofoil,Heavily Played,29.05,https://images.pokemontcg.io/gym1/2.png
Brock's Rhydon,Gym Heroes,2,1st Edition Holofoil,Moderately Played,55.76,https://images.pokemontcg.io/gym1/2.png
Brock's Rhydon,Gym Heroes,2,1st Edition Holofoil,Lightly Played,15.61,https://images.pokemontcg.io/gym1/2.png
Brock's Rhydon,Gym Heroes,2,1st Edition Holofoil,Near Mint,126.33,https://images.pokemontcg.io/gym1/2.png
Azumarill,HeartGold & SoulSilver,2,Holofoil,Damaged,1.98,https://images.pokemontcg.io/hgss1/2.png
Azumarill,HeartGold & SoulSilver,2,Holofoil,Heavily Played,,https://images.pokemontcg.io/hgss1/2.png
Azumarill,HeartGold & SoulSilver,2,Holofoil,Moderately Played,2.36,https://images.pokemontcg.io/hgss1/2.png
Azumarill,HeartGold & SoulSilver,2,Holofoil,Lightly Played,3.38,https://images.pokemontcg.io/hgss1/2.png
Azumarill,HeartGold & SoulSilver,2,Holofoil,Near Mint,4.61,https://images.pokemontcg.io/hgss1/2.png
Azumarill,HeartGold & SoulSilver,2,Reverse Holofoil,Damaged,1.98,https://images.pokemontcg.io/hgss1/2.png
Azumarill,HeartGold & SoulSilver,2,Reverse Holofoil,Heavily Played,,https://images.pokemontcg.io/hgss1/2.png
Azumarill,HeartGold & SoulSilver,2,Reverse Holofoil,Moderately Played,2.36,https://images.pokemontcg.io/hgss1/2.png
Azumarill,HeartGold & SoulSilver,2,Reverse Holofoil,Lightly Played,3.38,https://images.pokemontcg.io/hgss1/2.png
Azumarill,HeartGold & SoulSilver,2,Reverse Holofoil,Near Mint,4.61,https://images.pokemontcg.io/hgss1/2.png
Ludicolo,Detective Pikachu,2,Holofoil,Damaged,0.38,https://images.pokemontcg.io/det1/2.png
Ludicolo,Detective Pikachu,2,Holofoil,Heavily Played,0.28,https://images.pokemontcg.io/det1/2.png
Ludicolo,Detective Pikachu,2,Holofoil,Moderately Played,0.47,https://images.pokemontcg.io/det1/2.png
Ludicolo,Detective Pikachu,2,Holofoil,Lightly Played,0.51,https://images.pokemontcg.io/det1/2.png
Ludicolo,Detective Pikachu,2,Holofoil,Near Mint,0.67,https://images.pokemontcg.io/det1/2.png
Weedle,Team Up,2,Normal,Damaged,0.01,https://images.pokemontcg.io/sm9/2.png
Weedle,Team Up,2,Normal,Heavily Played,,https://images.pokemontcg.io/sm9/2.png
Weedle,Team Up,2,Normal,Moderately Played,0.14,https://images.pokemontcg.io/sm9/2.png
Weedle,Team Up,2,Normal,Lightly Played,0.14,https://images.pokemontcg.io/sm9/2.png
Weedle,Team Up,2,Normal,Near Mint,0.38,https://images.pokemontcg.io/sm9/2.png
Weedle,Team Up,2,Reverse Holofoil,Damaged,0.01,https://images.pokemontcg.io/sm9/2.png
Weedle,Team Up,2,Reverse Holofoil,Heavily Played,,https://images.pokemontcg.io/sm9/2.png
Weedle,Team Up,2,Reverse Holofoil,Moderately Played,0.14,https://images.pokemontcg.io/sm9/2.png
Weedle,Team Up,2,Reverse Holofoil,Lightly Played,0.14,https://images.pokemontcg.io/sm9/2.png
Weedle,Team Up,2,Reverse Holofoil,Near Mint,0.38,https://images.pokemontcg.io/sm9/2.png
Aggron,Legend Maker,2,Holofoil,Damaged,2.81,https://images.pokemontcg.io/ex12/2.png
Aggron,Legend Maker,2,Holofoil,Heavily Played,4.13,https://images.pokemontcg.io/ex12/2.png
Aggron,Legend Maker,2,Holofoil,Moderately Played,6.92,https://images.pokemontcg.io/ex12/2.png
Aggron,Legend Maker,2,Holofoil,Lightly Played,13.56,https://images.pokemontcg.io/ex12/2.png
Aggron,Legend Maker,2,Holofoil,Near Mint,18.13,https://images.pokemontcg.io/ex12/2.png
Aggron,Legend Maker,2,Reverse Holofoil,Damaged,2.81,https://images.pokemontcg.io/ex12/2.png
Aggron,Legend Maker,2,Reverse Holofoil,Heavily Played,4.13,https://images.pokemontcg.io/ex12/2.png
Aggron,Legend Maker,2,Reverse Holofoil,Moderately Played,6.92,https://images.pokemontcg.io/ex12/2.png
Aggron,Legend Maker,2,Reverse Holofoil,Lightly Played,13.56,https://images.pokemontcg.io/ex12/2.png
Aggron,Legend Maker,2,Reverse Holofoil,Near Mint,18.13,https://images.pokemontcg.io/ex12/2.png
Dark Ampharos,Team Rocket Returns,2,,Damaged,,https://images.pokemontcg.io/ex7/2.png
Dark Ampharos,Team Rocket Returns,2,,Heavily Played,,https://images.pokemontcg.io/ex7/2.png
Dark Ampharos,Team Rocket Returns,2,,Moderately Played,,https://images.pokemontcg.io/ex7/2.png
Dark Ampharos,Team Rocket Returns,2,,Lightly Played,,https://images.pokemontcg.io/ex7/2.png
Dark Ampharos,Team Rocket Returns,2,,Near Mint,,https://images.pokemontcg.io/ex7/2.png
Cherrim,Pokémon Rumble,2,Normal,Damaged,6.49,https://images.pokemontcg.io/ru1/2.png
Cherrim,Pokémon Rumble,2,Normal,Heavily Played,,https://images.pokemontcg.io/ru1/2.png
Cherrim,Pokémon Rumble,2,Normal,Moderately Played,15.91,https://images.pokemontcg.io/ru1/2.png
Cherrim,Pokémon Rumble,2,Normal,Lightly Played,27.53,https://images.pokemontcg.io/ru1/2.png
Cherrim,Pokémon Rumble,2,Normal,Near Mint,40.22,https://images.pokemontcg.io/ru1/2.png
Alolan Exeggutor,McDonald's Collection 2019,2,Holofoil,Damaged,0.8,https://images.pokemontcg.io/mcd19/2.png
Alolan Exeggutor,McDonald's Collection 2019,2,Holofoil,Heavily Played,1.14,https://images.pokemontcg.io/mcd19/2.png
Alolan Exeggutor,McDonald's Collection 2019,2,Holofoil,Moderately Played,1.72,https://images.pokemontcg.io/mcd19/2.png
Alolan Exeggutor,McDonald's Collection 2019,2,Holofoil,Lightly Played,2.79,https://images.pokemontcg.io/mcd19/2.png
Alolan Exeggutor,McDonald's Collection 2019,2,Holofoil,Near Mint,,https://images.pokemontcg.io/mcd19/2.png
Kakuna,Primal Clash,2,Normal,Damaged,0.01,https://images.pokemontcg.io/xy5/2.png
Kakuna,Primal Clash,2,Normal,Heavily Played,0.1,https://images.pokemontcg.io/xy5/2.png
Kakuna,Primal Clash,2,Normal,Moderately Played,0.06,https://images.pokemontcg.io/xy5/2.png
Kakuna,Primal Clash,2,Normal,Lightly Played,0.12,https://images.pokemontcg.io/xy5/2.png
Kakuna,Primal Clash,2,Normal,Near Mint,0.13,https://images.pokemontcg.io/xy5/2.png
Kakuna,Primal Clash,2,Reverse Holofoil,Damaged,0.01,https://images.pokemontcg.io/xy5/2.png
Kakuna,Primal Clash,2,Reverse Holofoil,Heavily Played,0.1,https://images.pokemontcg.io/xy5/2.png
Kakuna,Primal Clash,2,Reverse Holofoil,Moderately Played,0.06,https://images.pokemontcg.io/xy5/2.png
Kakuna,Primal Clash,2,Reverse Holofoil,Lightly Played,0.12,https://images.pokemontcg.io/xy5/2.png
Kakuna,Primal Clash,2,Reverse Holofoil,Near Mint,0.13,https://images.pokemontcg.io/xy5/2.png
Tangela,Steam Siege,1,,Damaged,,https://images.pokemontcg.io/xy11/1.png
Tangela,Steam Siege,1,,Heavily Played,,https://images.pokemontcg.io/xy11/1.png
Tangela,Steam Siege,1,,Moderately Played,,https://images.pokemontcg.io/xy11/1.png
Tangela,Steam Siege,1,,Lightly Played,,https://images.pokemontcg.io/xy11/1.png
Tangela,Steam Siege,1,,Near Mint,,https://images.pokemontcg.io/xy11/1.png
Banette,Crystal Guardians,1,,Damaged,,https://images.pokemontcg.io/ex14/1.png
Banette,Crystal Guardians,1,,Heavily Played,,https://images.pokemontcg.io/ex14/1.png
Banette,Crystal Guardians,1,,Moderately Played,,https://images.pokemontcg.io/ex14/1.png
Banette,Crystal Guardians,1,,Lightly Played,,https://images.pokemontcg.io/ex14/1.png
Banette,Crystal Guardians,1,,Near Mint,,https://images.pokemontcg.io/ex14/1.png
Venusaur & Snivy-GX,Cosmic Eclipse,1,,Damaged,,https://images.pokemontcg.io/sm12/1.png
Venusaur & Snivy-GX,Cosmic Eclipse,1,,Heavily Played,,https://images.pokemontcg.io/sm12/1.png
Venusaur & Snivy-GX,Cosmic Eclipse,1,,Moderately Played,,https://images.pokemontcg.io/sm12/1.png
Venusaur & Snivy-GX,Cosmic Eclipse,1,,Lightly Played,,https://images.pokemontcg.io/sm12/1.png
Venusaur & Snivy-GX,Cosmic Eclipse,1,,Near Mint,,https://images.pokemontcg.io/sm12/1.png
Snivy,Black & White,1,Normal,Damaged,0.22,https://images.pokemontcg.io/bw1/1.png
Snivy,Black & White,1,Normal,Heavily Played,0.15,https://images.pokemontcg.io/bw1/1.png
Snivy,Black & White,1,Normal,Moderately Played,0.21,https://images.pokemontcg.io/bw1/1.png
Snivy,Black & White,1,Normal,Lightly Played,0.3,https://images.pokemontcg.io/bw1/1.png
Snivy,Black & White,1,Normal,Near Mint,0.41,https://images.pokemontcg.io/bw1/1.png
Snivy,Black & White,1,Reverse Holofoil,Damaged,0.42,https://images.pokemontcg.io/bw1/1.png
Snivy,Black & White,1,Reverse Holofoil,Heavily Played,,https://images.pokemontcg.io/bw1/1.png
Snivy,Black & White,1,Reverse Holofoil,Moderately Played,0.21,https://images.pokemontcg.io/bw1/1.png
Snivy,Black & White,1,Reverse Holofoil,Lightly Played,1.08,https://images.pokemontcg.io/bw1/1.png
Snivy,Black & White,1,Reverse Holofoil,Near Mint,0.41,https://images.pokemontcg.io/bw1/1.png
Caterpie,Hidden Fates,1,Normal,Damaged,,https://images.pokemontcg.io/sm115/1.png
Caterpie,Hidden Fates,1,Normal,Heavily Played,0.02,https://images.pokemontcg.io/sm115/1.png
Caterpie,Hidden Fates,1,Normal,Moderately Played,0.06,https://images.pokemontcg.io/sm115/1.png
Caterpie,Hidden Fates,1,Normal,Lightly Played,0.19,https://images.pokemontcg.io/sm115/1.png
Caterpie,Hidden Fates,1,Normal,Near Mint,0.1,https://images.pokemontcg.io/sm115/1.png
Caterpie,Hidden Fates,1,Reverse Holofoil,Damaged,,https://images.pokemontcg.io/sm115/1.png
Caterpie,Hidden Fates,1,Reverse Holofoil,Heavily Played,0.02,https://images.pokemontcg.io/sm115/1.png
Caterpie,Hidden Fates,1,Reverse Holofoil,Moderately Played,0.06,https://images.pokemontcg.io/sm115/1.png
Caterpie,Hidden Fates,1,Reverse Holofoil,Lightly Played,0.19,https://images.pokemontcg.io/sm115/1.png
Caterpie,Hidden Fates,1,Reverse Holofoil,Near Mint,0.1,https://images.pokemontcg.io/sm115/1.png
Mew,Southern Islands,1,Reverse Holofoil,Damaged,59.11,https://images.pokemontcg.io/si1/1.png
Mew,Southern Islands,1,Reverse Holofoil,Heavily Played,65.8,https://images.pokemontcg.io/si1/1.png
Mew,Southern Islands,1,Reverse Holofoil,Moderately Played,105.18,https://images.pokemontcg.io/si1/1.png
Mew,Southern Islands,1,Reverse Holofoil,Lightly Played,167.07,https://images.pokemontcg.io/si1/1.png
Mew,Southern Islands,1,Reverse Holofoil,Near Mint,,https://images.pokemontcg.io/si1/1.png
Dialga,Diamond & Pearl,1,,Damaged,,https://images.pokemontcg.io/dp1/1.png
Dialga,Diamond & Pearl,1,,Heavily Played,,https://images.pokemontcg.io/dp1/1.png
Dialga,Diamond & Pearl,1,,Moderately Played,,https://images.pokemontcg.io/dp1/1.png
Dialga,Diamond & Pearl,1,,Lightly Played,,https://images.pokemontcg.io/dp1/1.png
Dialga,Diamond & Pearl,1,,Near Mint,,https://images.pokemontcg.io/dp1/1.png
Caterpie,Burning Shadows,1,Normal,Damaged,,https://images.pokemontcg.io/sm3/1.png
Caterpie,Burning Shadows,1,Normal,Heavily Played,,https://images.pokemontcg.io/sm3/1.png
Caterpie,Burning Shadows,1,Normal,Moderately Played,0.08,https://images.pokemontcg.io/sm3/1.png
Caterpie,Burning Shadows,1,Normal,Lightly Played,0.23,https://images.pokemontcg.io/sm3/1.png
Caterpie,Burning Shadows,1,Normal,Near Mint,0.14,https://images.pokemontcg.io/sm3/1.png
Caterpie,Burning Shadows,1,Reverse Holofoil,Damaged,,https://images.pokemontcg.io/sm3/1.png
Caterpie,Burning Shadows,1,Reverse Holofoil,Heavily Played,,https://images.pokemontcg.io/sm3/1.png
Caterpie,Burning Shadows,1,Reverse Holofoil,Moderately Played,0.08,https://images.pokemontcg.io/sm3/1.png
Caterpie,Burning Shadows,1,Reverse Holofoil,Lightly Played,0.23,https://images.pokemontcg.io/sm3/1.png
Caterpie,Burning Shadows,1,Reverse Holofoil,Near Mint,0.14,https://images.pokemontcg.io/sm3/1.png
Ampharos,POP Series 7,1,Holofoil,Damaged,1.88,https://images.pokemontcg.io/pop7/1.png
Ampharos,POP Series 7,1,Holofoil,Heavily Played,0.66,https://images.pokemontcg.io/pop7/1.png
Ampharos,POP Series 7,1,Holofoil,Moderately Played,1.5,https://images.pokemontcg.io/pop7/1.png
Ampharos,POP Series 7,1,Holofoil,Lightly Played,5.96,https://images.pokemontcg.io/pop7/1.png
Ampharos,POP Series 7,1,Holofoil,Near Mint,6.79,https://images.pokemontcg.io/pop7/1.png
Ampharos,POP Series 7,1,Normal,Damaged,1.88,https://images.pokemontcg.io/pop7/1.png
Ampharos,POP Series 7,1,Normal,Heavily Played,0.66,https://images.pokemontcg.io/pop7/1.png
Ampharos,POP Series 7,1,Normal,Moderately Played,1.5,https://images.pokemontcg.io/pop7/1.png
Ampharos,POP Series 7,1,Normal,Lightly Played,5.96,https://images.pokemontcg.io/pop7/1.png
Ampharos,POP Series 7,1,Normal,Near Mint,6.79,https://images.pokemontcg.io/pop7/1.png
Blaine's Arcanine,Gym Challenge,1,Unlimited Holofoil,Damaged,85.69,https://images.pokemontcg.io/gym2/1.png
Blaine's Arcanine,Gym Challenge,1,Unlimited Holofoil,Heavily Played,152.49,https://images.pokemontcg.io/gym2/1.png
Blaine's Arcanine,Gym Challenge,1,Unlimited Holofoil,Moderately Played,37.57,https://images.pokemontcg.io/gym2/1.png
Blaine's Arcanine,Gym Challenge,1,Unlimited Holofoil,Lightly Played,239.99,https://images.pokemontcg.io/gym2/1.png
Blaine's Arcanine,Gym Challenge,1,Unlimited Holofoil,Near Mint,,https://images.pokemontcg.io/gym2/1.png
Blaine's Arcanine,Gym Challenge,1,1st Edition Holofoil,Damaged,85.69,https://images.pokemontcg.io/gym2/1.png
Blaine's Arcanine,Gym Challenge,1,1st Edition Holofoil,Heavily Played,152.49,https://images.pokemontcg.io/gym2/1.png
Blaine's Arcanine,Gym Challenge,1,1st Edition Holofoil,Moderately Played,37.57,https://images.pokemontcg.io/gym2/1.png
Blaine's Arcanine,Gym Challenge,1,1st Edition Holofoil,Lightly Played,239.99,https://images.pokemontcg.io/gym2/1.png
Blaine's Arcanine,Gym Challenge,1,1st Edition Holofoil,Near Mint,,https://images.pokemontcg.io/gym2/1.png
Clefable,Call of Legends,1,Holofoil,Damaged,0.87,https://images.pokemontcg.io/col1/1.png
Clefable,Call of Legends,1,Holofoil,Heavily Played,1.12,https://images.pokemontcg.io/col1/1.png
Clefable,Call of Legends,1,Holofoil,Moderately Played,2.25,https://images.pokemontcg.io/col1/1.png
Clefable,Call of Legends,1,Holofoil,Lightly Played,3.44,https://images.pokemontcg.io/col1/1.png
Clefable,Call of Legends,1,Holofoil,Near Mint,2.73,https://images.pokemontcg.io/col1/1.png
Clefable,Call of Legends,1,Reverse Holofoil,Damaged,0.87,https://images.pokemontcg.io/col1/1.png
Clefable,Call of Legends,1,Reverse Holofoil,Heavily Played,1.12,https://images.pokemontcg.io/col1/1.png
Clefable,Call of Legends,1,Reverse Holofoil,Moderately Played,2.25,https://images.pokemontcg.io/col1/1.png
Clefable,Call of Legends,1,Reverse Holofoil,Lightly Played,3.44,https://images.pokemontcg.io/col1/1.png
Clefable,Call of Legends,1,Reverse Holofoil,Near Mint,2.73,https://images.pokemontcg.io/col1/1.png
Blaziken,Emerald,1,Holofoil,Damaged,3.0,https://images.pokemontcg.io/ex9/1.png
Blaziken,Emerald,1,Holofoil,Heavily Played,7.38,https://images.pokemontcg.io/ex9/1.png
Blaziken,Emerald,1,Holofoil,Moderately Played,8.95,https://images.pokemontcg.io/ex9/1.png
Blaziken,Emerald,1,Holofoil,Lightly Played,17.06,https://images.pokemontcg.io/ex9/1.png
Blaziken,Emerald,1,Holofoil,Near Mint,15.28,https://images.pokemontcg.io/ex9/1.png
Blaziken,Emerald,1,Reverse Holofoil,Damaged,3.0,https://images.pokemontcg.io/ex9/1.png
Blaziken,Emerald,1,Reverse Holofoil,Heavily Played,7.38,https://images.pokemontcg.io/ex9/1.png
Blaziken,Emerald,1,Reverse Holofoil,Moderately Played,8.95,https://images.pokemontcg.io/ex9/1.png
Blaziken,Emerald,1,Reverse Holofoil,Lightly Played,17.06,https://images.pokemontcg.io/ex9/1.png
Blaziken,Emerald,1,Reverse Holofoil,Near Mint,15.28,https://images.pokemontcg.io/ex9/1.png
Blaziken,Emerald,1,Normal,Damaged,3.0,https://images.pokemontcg.io/ex9/1.png
Blaziken,Emerald,1,Normal,Heavily Played,7.38,https://images.pokemontcg.io/ex9/1.png
Blaziken,Emerald,1,Normal,Moderately Played,8.95,https://images.pokemontcg.io/ex9/1.png
Blaziken,Emerald,1,Normal,Lightly Played,17.06,https://images.pokemontcg.io/ex9/1.png
Blaziken,Emerald,1,Normal,Near Mint,15.28,https://images.pokemontcg.io/ex9/1.png
Surskit,Plasma Blast,1,Normal,Damaged,,https://images.pokemontcg.io/bw10/1.png
Surskit,Plasma Blast,1,Normal,Heavily Played,,https://images.pokemontcg.io/bw10/1.png
Surskit,Plasma Blast,1,Normal,Moderately Played,0.12,https://images.pokemontcg.io/bw10/1.png
Surskit,Plasma Blast,1,Normal,Lightly Played,0.13,https://images.pokemontcg.io/bw10/1.png
Surskit,Plasma Blast,1,Normal,Near Mint,0.18,https://images.pokemontcg.io/bw10/1.png
Surskit,Plasma Blast,1,Reverse Holofoil,Damaged,,https://images.pokemontcg.io/bw10/1.png
Surskit,Plasma Blast,1,Reverse Holofoil,Heavily Played,,https://images.pokemontcg.io/bw10/1.png
Surskit,Plasma Blast,1,Reverse Holofoil,Moderately Played,0.12,https://images.pokemontcg.io/bw10/1.png
Surskit,Plasma Blast,1,Reverse Holofoil,Lightly Played,0.13,https://images.pokemontcg.io/bw10/1.png
Surskit,Plasma Blast,1,Reverse Holofoil,Near Mint,0.18,https://images.pokemontcg.io/bw10/1.png
Venusaur V,Champion's Path,1,Holofoil,Damaged,,https://images.pokemontcg.io/swsh35/1.png
Venusaur V,Champion's Path,1,Holofoil,Heavily Played,1.5,https://images.pokemontcg.io/swsh35/1.png
Venusaur V,Champion's Path,1,Holofoil,Moderately Played,1.58,https://images.pokemontcg.io/swsh35/1.png
Venusaur V,Champion's Path,1,Holofoil,Lightly Played,1.65,https://images.pokemontcg.io/swsh35/1.png
Venusaur V,Champion's Path,1,Holofoil,Near Mint,2.14,https://images.pokemontcg.io/swsh35/1.png
Oddish,Ancient Origins,1,Normal,Damaged,,https://images.pokemontcg.io/xy7/1.png
Oddish,Ancient Origins,1,Normal,Heavily Played,0.24,https://images.pokemontcg.io/xy7/1.png
Oddish,Ancient Origins,1,Normal,Moderately Played,0.09,https://images.pokemontcg.io/xy7/1.png
Oddish,Ancient Origins,1,Normal,Lightly Played,0.16,https://images.pokemontcg.io/xy7/1.png
Oddish,Ancient Origins,1,Normal,Near Mint,0.41,https://images.pokemontcg.io/xy7/1.png
Oddish,Ancient Origins,1,Reverse Holofoil,Damaged,,https://images.pokemontcg.io/xy7/1.png
Oddish,Ancient Origins,1,Reverse Holofoil,Heavily Played,0.24,https://images.pokemontcg.io/xy7/1.png
Oddish,Ancient Origins,1,Reverse Holofoil,Moderately Played,0.09,https://images.pokemontcg.io/xy7/1.png
Oddish,Ancient Origins,1,Reverse Holofoil,Lightly Played,0.16,https://images.pokemontcg.io/xy7/1.png
Oddish,Ancient Origins,1,Reverse Holofoil,Near Mint,0.41,https://images.pokemontcg.io/xy7/1.png
Caterpie,Sun & Moon,1,,Damaged,,https://images.pokemontcg.io/sm1/1.png
Caterpie,Sun & Moon,1,,Heavily Played,,https://images.pokemontcg.io/sm1/1.png
Caterpie,Sun & Moon,1,,Moderately Played,,https://images.pokemontcg.io/sm1/1.png
Caterpie,Sun & Moon,1,,Lightly Played,,https://images.pokemontcg.io/sm1/1.png
Caterpie,Sun & Moon,1,,Near Mint,,https://images.pokemontcg.io/sm1/1.png
Armaldo δ,Holon Phantoms,1,Holofoil,Damaged,2.1,https://images.pokemontcg.io/ex13/1.png
Armaldo δ,Holon Phantoms,1,Holofoil,Heavily Played,4.55,https://images.pokemontcg.io/ex13/1.png
Armaldo δ,Holon Phantoms,1,Holofoil,Moderately Played,6.81,https://images.pokemontcg.io/ex13/1.png
Armaldo δ,Holon Phantoms,1,Holofoil,Lightly Played,9.77,https://images.pokemontcg.io/ex13/1.png
Armaldo δ,Holon Phantoms,1,Holofoil,Near Mint,11.76,https://images.pokemontcg.io/ex13/1.png
Armaldo δ,Holon Phantoms,1,Reverse Holofoil,Damaged,2.1,https://images.pokemontcg.io/ex13/1.png
Armaldo δ,Holon Phantoms,1,Reverse Holofoil,Heavily Played,4.55,https://images.pokemontcg.io/ex13/1.png
Armaldo δ,Holon Phantoms,1,Reverse Holofoil,Moderately Played,6.81,https://images.pokemontcg.io/ex13/1.png
Armaldo δ,Holon Phantoms,1,Reverse Holofoil,Lightly Played,9.77,https://images.pokemontcg.io/ex13/1.png
Armaldo δ,Holon Phantoms,1,Reverse Holofoil,Near Mint,11.76,https://images.pokemontcg.io/ex13/1.png
Dratini,Dragon Vault,2,Holofoil,Damaged,0.7,https://images.pokemontcg.io/dv1/2.png
Dratini,Dragon Vault,2,Holofoil,Heavily Played,1.32,https://images.pokemontcg.io/dv1/2.png
Dratini,Dragon Vault,2,Holofoil,Moderately Played,1.11,https://images.pokemontcg.io/dv1/2.png
Dratini,Dragon Vault,2,Holofoil,Lightly Played,1.27,https://images.pokemontcg.io/dv1/2.png
Dratini,Dragon Vault,2,Holofoil,Near Mint,2.4,https://images.pokemontcg.io/dv1/2.png
Ariados,Aquapolis,H3,Reverse Holofoil,Damaged,1.49,https://images.pokemontcg.io/ecard2/H3.png
Ariados,Aquapolis,H3,Reverse Holofoil,Heavily Played,2.12,https://images.pokemontcg.io/ecard2/H3.png
Ariados,Aquapolis,H3,Reverse Holofoil,Moderately Played,3.28,https://images.pokemontcg.io/ecard2/H3.png
Ariados,Aquapolis,H3,Reverse Holofoil,Lightly Played,3.76,https://images.pokemontcg.io/ecard2/H3.png
Ariados,Aquapolis,H3,Reverse Holofoil,Near Mint,4.81,https://images.pokemontcg.io/ecard2/H3.png
Ariados,Aquapolis,H3,Normal,Damaged,1.49,https://images.pokemontcg.io/ecard2/H3.png
Ariados,Aquapolis,H3,Normal,Heavily Played,2.12,https://images.pokemontcg.io/ecard2/H3.png
Ariados,Aquapolis,H3,Normal,Moderately Played,3.28,https://images.pokemontcg.io/ecard2/H3.png
Ariados,Aquapolis,H3,Normal,Lightly Played,3.76,https://images.pokemontcg.io/ecard2/H3.png
Ariados,Aquapolis,H3,Normal,Near Mint,4.81,https://images.pokemontcg.io/ecard2/H3.png
Oddish,Cosmic Eclipse,2,Normal,Damaged,,https://images.pokemontcg.io/sm12/2.png
Oddish,Cosmic Eclipse,2,Normal,Heavily Played,0.1,https://images.pokemontcg.io/sm12/2.png
Oddish,Cosmic Eclipse,2,Normal,Moderately Played,0.15,https://images.pokemontcg.io/sm12/2.png
Oddish,Cosmic Eclipse,2,Normal,Lightly Played,0.13,https://images.pokemontcg.io/sm12/2.png
Oddish,Cosmic Eclipse,2,Normal,Near Mint,0.16,https://images.pokemontcg.io/sm12/2.png
Oddish,Cosmic Eclipse,2,Reverse Holofoil,Damaged,,https://images.pokemontcg.io/sm12/2.png
Oddish,Cosmic Eclipse,2,Reverse Holofoil,Heavily Played,0.1,https://images.pokemontcg.io/sm12/2.png
Oddish,Cosmic Eclipse,2,Reverse Holofoil,Moderately Played,0.15,https://images.pokemontcg.io/sm12/2.png
Oddish,Cosmic Eclipse,2,Reverse Holofoil,Lightly Played,0.13,https://images.pokemontcg.io/sm12/2.png
Oddish,Cosmic Eclipse,2,Reverse Holofoil,Near Mint,0.16,https://images.pokemontcg.io/sm12/2.png
Deoxys,Emerald,2,Holofoil,Damaged,,https://images.pokemontcg.io/ex9/2.png
Deoxys,Emerald,2,Holofoil,Heavily Played,,https://images.pokemontcg.io/ex9/2.png
Deoxys,Emerald,2,Holofoil,Moderately Played,29.99,https://images.pokemontcg.io/ex9/2.png
Deoxys,Emerald,2,Holofoil,Lightly Played,25.0,https://images.pokemontcg.io/ex9/2.png
Deoxys,Emerald,2,Holofoil,Near Mint,30.0,https://images.pokemontcg.io/ex9/2.png
Deoxys,Emerald,2,Reverse Holofoil,Damaged,,https://images.pokemontcg.io/ex9/2.png
Deoxys,Emerald,2,Reverse Holofoil,Heavily Played,,https://images.pokemontcg.io/ex9/2.png
Deoxys,Emerald,2,Reverse Holofoil,Moderately Played,29.99,https://images.pokemontcg.io/ex9/2.png
Deoxys,Emerald,2,Reverse Holofoil,Lightly Played,25.0,https://images.pokemontcg.io/ex9/2.png
Deoxys,Emerald,2,Reverse Holofoil,Near Mint,30.0,https://images.pokemontcg.io/ex9/2.png
Deoxys,Emerald,2,Normal,Damaged,,https://images.pokemontcg.io/ex9/2.png
Deoxys,Emerald,2,Normal,Heavily Played,,https://images.pokemontcg.io/ex9/2.png
Deoxys,Emerald,2,Normal,Moderately Played,29.99,https://images.pokemontcg.io/ex9/2.png
Deoxys,Emerald,2,Normal,Lightly Played,25.0,https://images.pokemontcg.io/ex9/2.png
Deoxys,Emerald,2,Normal,Near Mint,30.0,https://images.pokemontcg.io/ex9/2.png
Snivy,Black & White,2,Normal,Damaged,0.22,https://images.pokemontcg.io/bw1/2.png
Snivy,Black & White,2,Normal,Heavily Played,0.15,https://images.pokemontcg.io/bw1/2.png
Snivy,Black & White,2,Normal,Moderately Played,0.21,https://images.pokemontcg.io/bw1/2.png
Snivy,Black & White,2,Normal,Lightly Played,0.3,https://images.pokemontcg.io/bw1/2.png
Snivy,Black & White,2,Normal,Near Mint,0.41,https://images.pokemontcg.io/bw1/2.png
Snivy,Black & White,2,Reverse Holofoil,Damaged,0.22,https://images.pokemontcg.io/bw1/2.png
Snivy,Black & White,2,Reverse Holofoil,Heavily Played,0.15,https://images.pokemontcg.io/bw1/2.png
Snivy,Black & White,2,Reverse Holofoil,Moderately Played,0.21,https://images.pokemontcg.io/bw1/2.png
Snivy,Black & White,2,Reverse Holofoil,Lightly Played,0.3,https://images.pokemontcg.io/bw1/2.png
Snivy,Black & White,2,Reverse Holofoil,Near Mint,0.41,https://images.pokemontcg.io/bw1/2.png
Chansey,Base Set 2,3,Holofoil,Damaged,4.18,https://images.pokemontcg.io/base4/3.png
Chansey,Base Set 2,3,Holofoil,Heavily Played,5.17,https://images.pokemontcg.io/base4/3.png
Chansey,Base Set 2,3,Holofoil,Moderately Played,6.39,https://images.pokemontcg.io/base4/3.png
Chansey,Base Set 2,3,Holofoil,Lightly Played,7.96,https://images.pokemontcg.io/base4/3.png
Chansey,Base Set 2,3,Holofoil,Near Mint,13.95,https://images.pokemontcg.io/base4/3.png
Ninetales,Pokémon Rumble,3,Normal,Damaged,,https://images.pokemontcg.io/ru1/3.png
Ninetales,Pokémon Rumble,3,Normal,Heavily Played,23.56,https://images.pokemontcg.io/ru1/3.png
Ninetales,Pokémon Rumble,3,Normal,Moderately Played,,https://images.pokemontcg.io/ru1/3.png
Ninetales,Pokémon Rumble,3,Normal,Lightly Played,47.97,https://images.pokemontcg.io/ru1/3.png
Ninetales,Pokémon Rumble,3,Normal,Near Mint,,https://images.pokemontcg.io/ru1/3.png
Beedrill,Primal Clash,3,Normal,Damaged,,https://images.pokemontcg.io/xy5/3.png
Beedrill,Primal Clash,3,Normal,Heavily Played,0.2,https://images.pokemontcg.io/xy5/3.png
Beedrill,Primal Clash,3,Normal,Moderately Played,0.2,https://images.pokemontcg.io/xy5/3.png
Beedrill,Primal Clash,3,Normal,Lightly Played,0.35,https://images.pokemontcg.io/xy5/3.png
Beedrill,Primal Clash,3,Normal,Near Mint,0.27,https://images.pokemontcg.io/xy5/3.png
Beedrill,Primal Clash,3,Reverse Holofoil,Damaged,,https://images.pokemontcg.io/xy5/3.png
Beedrill,Primal Clash,3,Reverse Holofoil,Heavily Played,0.2,https://images.pokemontcg.io/xy5/3.png
Beedrill,Primal Clash,3,Reverse Holofoil,Moderately Played,0.2,https://images.pokemontcg.io/xy5/3.png
Beedrill,Primal Clash,3,Reverse Holofoil,Lightly Played,0.35,https://images.pokemontcg.io/xy5/3.png
Beedrill,Primal Clash,3,Reverse Holofoil,Near Mint,0.27,https://images.pokemontcg.io/xy5/3.png
Manaphy,POP Series 6,3,,Damaged,,https://images.pokemontcg.io/pop6/3.png
Manaphy,POP Series 6,3,,Heavily Played,,https://images.pokemontcg.io/pop6/3.png
Manaphy,POP Series 6,3,,Moderately Played,,https://images.pokemontcg.io/pop6/3.png
Manaphy,POP Series 6,3,,Lightly Played,,https://images.pokemontcg.io/pop6/3.png
Manaphy,POP Series 6,3,,Near Mint,,https://images.pokemontcg.io/pop6/3.png
Pidgeot,Southern Islands,2,,Damaged,,https://images.pokemontcg.io/si1/2.png
Pidgeot,Southern Islands,2,,Heavily Played,,https://images.pokemontcg.io/si1/2.png
Pidgeot,Southern Islands,2,,Moderately Played,,https://images.pokemontcg.io/si1/2.png
Pidgeot,Southern Islands,2,,Lightly Played,,https://images.pokemontcg.io/si1/2.png
Pidgeot,Southern Islands,2,,Near Mint,,https://images.pokemontcg.io/si1/2.png
Dragonite δ,Delta Species,3,Holofoil,Damaged,29.43,https://images.pokemontcg.io/ex11/3.png
Dragonite δ,Delta Species,3,Holofoil,Heavily Played,40.38,https://images.pokemontcg.io/ex11/3.png
Dragonite δ,Delta Species,3,Holofoil,Moderately Played,66.09,https://images.pokemontcg.io/ex11/3.png
Dragonite δ,Delta Species,3,Holofoil,Lightly Played,107.98,https://images.pokemontcg.io/ex11/3.png
Dragonite δ,Delta Species,3,Holofoil,Near Mint,140.94,https://images.pokemontcg.io/ex11/3.png
Dragonite δ,Delta Species,3,Reverse Holofoil,Damaged,29.43,https://images.pokemontcg.io/ex11/3.png
Dragonite δ,Delta Species,3,Reverse Holofoil,Heavily Played,54.63,https://images.pokemontcg.io/ex11/3.png
Dragonite δ,Delta Species,3,Reverse Holofoil,Moderately Played,66.09,https://images.pokemontcg.io/ex11/3.png
Dragonite δ,Delta Species,3,Reverse Holofoil,Lightly Played,160.0,https://images.pokemontcg.io/ex11/3.png
Dragonite δ,Delta Species,3,Reverse Holofoil,Near Mint,251.48,https://images.pokemontcg.io/ex11/3.png
Drifblim FB,Supreme Victors,3,Holofoil,Damaged,1.12,https://images.pokemontcg.io/pl3/3.png
Drifblim FB,Supreme Victors,3,Holofoil,Heavily Played,1.31,https://images.pokemontcg.io/pl3/3.png
Drifblim FB,Supreme Victors,3,Holofoil,Moderately Played,2.25,https://images.pokemontcg.io/pl3/3.png
Drifblim FB,Supreme Victors,3,Holofoil,Lightly Played,3.42,https://images.pokemontcg.io/pl3/3.png
Drifblim FB,Supreme Victors,3,Holofoil,Near Mint,7.21,https://images.pokemontcg.io/pl3/3.png
Drifblim FB,Supreme Victors,3,Reverse Holofoil,Damaged,1.12,https://images.pokemontcg.io/pl3/3.png
Drifblim FB,Supreme Victors,3,Reverse Holofoil,Heavily Played,1.31,https://images.pokemontcg.io/pl3/3.png
Drifblim FB,Supreme Victors,3,Reverse Holofoil,Moderately Played,2.25,https://images.pokemontcg.io/pl3/3.png
Drifblim FB,Supreme Victors,3,Reverse Holofoil,Lightly Played,3.42,https://images.pokemontcg.io/pl3/3.png
Drifblim FB,Supreme Victors,3,Reverse Holofoil,Near Mint,7.21,https://images.pokemontcg.io/pl3/3.png
Ditto,Fossil,3,Unlimited,Damaged,1.91,https://images.pokemontcg.io/base3/3.png
Ditto,Fossil,3,Unlimited,Heavily Played,3.67,https://images.pokemontcg.io/base3/3.png
Ditto,Fossil,3,Unlimited,Moderately Played,6.68,https://images.pokemontcg.io/base3/3.png
Ditto,Fossil,3,Unlimited,Lightly Played,8.49,https://images.pokemontcg.io/base3/3.png
Ditto,Fossil,3,Unlimited,Near Mint,16.08,https://images.pokemontcg.io/base3/3.png
Ditto,Fossil,3,1st Edition,Damaged,1.91,https://images.pokemontcg.io/base3/3.png
Ditto,Fossil,3,1st Edition,Heavily Played,3.67,https://images.pokemontcg.io/base3/3.png
Ditto,Fossil,3,1st Edition,Moderately Played,6.68,https://images.pokemontcg.io/base3/3.png
Ditto,Fossil,3,1st Edition,Lightly Played,8.49,https://images.pokemontcg.io/base3/3.png
Ditto,Fossil,3,1st Edition,Near Mint,16.08,https://images.pokemontcg.io/base3/3.png
Clefable,HeartGold & SoulSilver,3,Holofoil,Damaged,1.5,https://images.pokemontcg.io/hgss1/3.png
Clefable,HeartGold & SoulSilver,3,Holofoil,Heavily Played,1.18,https://images.pokemontcg.io/hgss1/3.png
Clefable,HeartGold & SoulSilver,3,Holofoil,Moderately Played,2.1,https://images.pokemontcg.io/hgss1/3.png
Clefable,HeartGold & SoulSilver,3,Holofoil,Lightly Played,2.5,https://images.pokemontcg.io/hgss1/3.png
Clefable,HeartGold & SoulSilver,3,Holofoil,Near Mint,4.73,https://images.pokemontcg.io/hgss1/3.png
Clefable,HeartGold & SoulSilver,3,Reverse Holofoil,Damaged,1.5,https://images.pokemontcg.io/hgss1/3.png
Clefable,HeartGold & SoulSilver,3,Reverse Holofoil,Heavily Played,1.18,https://images.pokemontcg.io/hgss1/3.png
Clefable,HeartGold & SoulSilver,3,Reverse Holofoil,Moderately Played,2.1,https://images.pokemontcg.io/hgss1/3.png
Clefable,HeartGold & SoulSilver,3,Reverse Holofoil,Lightly Played,2.5,https://images.pokemontcg.io/hgss1/3.png
Clefable,HeartGold & SoulSilver,3,Reverse Holofoil,Near Mint,4.73,https://images.pokemontcg.io/hgss1/3.png
Cradily δ,Holon Phantoms,2,Holofoil,Damaged,2.27,https://images.pokemontcg.io/ex13/2.png
Cradily δ,Holon Phantoms,2,Holofoil,Heavily Played,3.25,https://images.pokemontcg.io/ex13/2.png
Cradily δ,Holon Phantoms,2,Holofoil,Moderately Played,5.98,https://images.pokemontcg.io/ex13/2.png
Cradily δ,Holon Phantoms,2,Holofoil,Lightly Played,7.2,https://images.pokemontcg.io/ex13/2.png
Cradily δ,Holon Phantoms,2,Holofoil,Near Mint,8.83,https://images.pokemontcg.io/ex13/2.png
Cradily δ,Holon Phantoms,2,Reverse Holofoil,Damaged,2.27,https://images.pokemontcg.io/ex13/2.png
Cradily δ,Holon Phantoms,2,Reverse Holofoil,Heavily Played,3.25,https://images.pokemontcg.io/ex13/2.png
Cradily δ,Holon Phantoms,2,Reverse Holofoil,Moderately Played,5.98,https://images.pokemontcg.io/ex13/2.png
Cradily δ,Holon Phantoms,2,Reverse Holofoil,Lightly Played,7.2,https://images.pokemontcg.io/ex13/2.png
Cradily δ,Holon Phantoms,2,Reverse Holofoil,Near Mint,8.83,https://images.pokemontcg.io/ex13/2.png
Celebi,Triumphant,3,Reverse Holofoil,Damaged,2.28,https://images.pokemontcg.io/hgss4/3.png
Celebi,Triumphant,3,Reverse Holofoil,Heavily Played,3.11,https://images.pokemontcg.io/hgss4/3.png
Celebi,Triumphant,3,Reverse Holofoil,Moderately Played,3.41,https://images.pokemontcg.io/hgss4/3.png
Celebi,Triumphant,3,Reverse Holofoil,Lightly Played,4.76,https://images.pokemontcg.io/hgss4/3.png
Celebi,Triumphant,3,Reverse Holofoil,Near Mint,5.91,https://images.pokemontcg.io/hgss4/3.png
Celebi,Triumphant,3,Holofoil,Damaged,2.28,https://images.pokemontcg.io/hgss4/3.png
Celebi,Triumphant,3,Holofoil,Heavily Played,3.11,https://images.pokemontcg.io/hgss4/3.png
Celebi,Triumphant,3,Holofoil,Moderately Played,3.41,https://images.pokemontcg.io/hgss4/3.png
Celebi,Triumphant,3,Holofoil,Lightly Played,4.76,https://images.pokemontcg.io/hgss4/3.png
Celebi,Triumphant,3,Holofoil,Near Mint,5.91,https://images.pokemontcg.io/hgss4/3.png
Gloom,Ancient Origins,2,Normal,Damaged,,https://images.pokemontcg.io/xy7/2.png
Gloom,Ancient Origins,2,Normal,Heavily Played,0.13,https://images.pokemontcg.io/xy7/2.png
Gloom,Ancient Origins,2,Normal,Moderately Played,0.23,https://images.pokemontcg.io/xy7/2.png
Gloom,Ancient Origins,2,Normal,Lightly Played,0.31,https://images.pokemontcg.io/xy7/2.png
Gloom,Ancient Origins,2,Normal,Near Mint,0.45,https://images.pokemontcg.io/xy7/2.png
Gloom,Ancient Origins,2,Reverse Holofoil,Damaged,,https://images.pokemontcg.io/xy7/2.png
Gloom,Ancient Origins,2,Reverse Holofoil,Heavily Played,0.13,https://images.pokemontcg.io/xy7/2.png
Gloom,Ancient Origins,2,Reverse Holofoil,Moderately Played,0.23,https://images.pokemontcg.io/xy7/2.png
Gloom,Ancient Origins,2,Reverse Holofoil,Lightly Played,0.31,https://images.pokemontcg.io/xy7/2.png
Gloom,Ancient Origins,2,Reverse Holofoil,Near Mint,0.45,https://images.pokemontcg.io/xy7/2.png
Masquerain,Plasma Blast,2,Normal,Damaged,0.3,https://images.pokemontcg.io/bw10/2.png
Masquerain,Plasma Blast,2,Normal,Heavily Played,0.28,https://images.pokemontcg.io/bw10/2.png
Masquerain,Plasma Blast,2,Normal,Moderately Played,0.33,https://images.pokemontcg.io/bw10/2.png
Masquerain,Plasma Blast,2,Normal,Lightly Played,0.31,https://images.pokemontcg.io/bw10/2.png
Masquerain,Plasma Blast,2,Normal,Near Mint,0.49,https://images.pokemontcg.io/bw10/2.png
Masquerain,Plasma Blast,2,Reverse Holofoil,Damaged,0.3,https://images.pokemontcg.io/bw10/2.png
Masquerain,Plasma Blast,2,Reverse Holofoil,Heavily Played,0.28,https://images.pokemontcg.io/bw10/2.png
Masquerain,Plasma Blast,2,Reverse Holofoil,Moderately Played,0.33,https://images.pokemontcg.io/bw10/2.png
Masquerain,Plasma Blast,2,Reverse Holofoil,Lightly Played,0.31,https://images.pokemontcg.io/bw10/2.png
Masquerain,Plasma Blast,2,Reverse Holofoil,Near Mint,0.49,https://images.pokemontcg.io/bw10/2.png
Dark Crobat,Team Rocket Returns,3,,Damaged,,https://images.pokemontcg.io/ex7/3.png
Dark Crobat,Team Rocket Returns,3,,Heavily Played,,https://images.pokemontcg.io/ex7/3.png
Dark Crobat,Team Rocket Returns,3,,Moderately Played,,https://images.pokemontcg.io/ex7/3.png
Dark Crobat,Team Rocket Returns,3,,Lightly Played,,https://images.pokemontcg.io/ex7/3.png
Dark Crobat,Team Rocket Returns,3,,Near Mint,,https://images.pokemontcg.io/ex7/3.png
Cradily,Legend Maker,3,Holofoil,Damaged,1.99,https://images.pokemontcg.io/ex12/3.png
Cradily,Legend Maker,3,Holofoil,Heavily Played,2.76,https://images.pokemontcg.io/ex12/3.png
Cradily,Legend Maker,3,Holofoil,Moderately Played,,https://images.pokemontcg.io/ex12/3.png
Cradily,Legend Maker,3,Holofoil,Lightly Played,4.55,https://images.pokemontcg.io/ex12/3.png
Cradily,Legend Maker,3,Holofoil,Near Mint,6.77,https://images.pokemontcg.io/ex12/3.png
Cradily,Legend Maker,3,Reverse Holofoil,Damaged,1.99,https://images.pokemontcg.io/ex12/3.png
Cradily,Legend Maker,3,Reverse Holofoil,Heavily Played,2.76,https://images.pokemontcg.io/ex12/3.png
Cradily,Legend Maker,3,Reverse Holofoil,Moderately Played,,https://images.pokemontcg.io/ex12/3.png
Cradily,Legend Maker,3,Reverse Holofoil,Lightly Played,4.55,https://images.pokemontcg.io/ex12/3.png
Cradily,Legend Maker,3,Reverse Holofoil,Near Mint,6.77,https://images.pokemontcg.io/ex12/3.png
Weedle,Champion's Path,2,Normal,Damaged,,https://images.pokemontcg.io/swsh35/2.png
Weedle,Champion's Path,2,Normal,Heavily Played,,https://images.pokemontcg.io/swsh35/2.png
Weedle,Champion's Path,2,Normal,Moderately Played,0.1,https://images.pokemontcg.io/swsh35/2.png
Weedle,Champion's Path,2,Normal,Lightly Played,0.3,https://images.pokemontcg.io/swsh35/2.png
Weedle,Champion's Path,2,Normal,Near Mint,0.16,https://images.pokemontcg.io/swsh35/2.png
Weedle,Champion's Path,2,Reverse Holofoil,Damaged,,https://images.pokemontcg.io/swsh35/2.png
Weedle,Champion's Path,2,Reverse Holofoil,Heavily Played,,https://images.pokemontcg.io/swsh35/2.png
Weedle,Champion's Path,2,Reverse Holofoil,Moderately Played,0.1,https://images.pokemontcg.io/swsh35/2.png
Weedle,Champion's Path,2,Reverse Holofoil,Lightly Played,0.3,https://images.pokemontcg.io/swsh35/2.png
Weedle,Champion's Path,2,Reverse Holofoil,Near Mint,0.16,https://images.pokemontcg.io/swsh35/2.png
Blaine's Charizard,Gym Challenge,2,Unlimited Holofoil,Damaged,300.0,https://images.pokemontcg.io/gym2/2.png
Blaine's Charizard,Gym Challenge,2,Unlimited Holofoil,Heavily Played,,https://images.pokemontcg.io/gym2/2.png
Blaine's Charizard,Gym Challenge,2,Unlimited Holofoil,Moderately Played,,https://images.pokemontcg.io/gym2/2.png
Blaine's Charizard,Gym Challenge,2,Unlimited Holofoil,Lightly Played,314.97,https://images.pokemontcg.io/gym2/2.png
Blaine's Charizard,Gym Challenge,2,Unlimited Holofoil,Near Mint,528.66,https://images.pokemontcg.io/gym2/2.png
Blaine's Charizard,Gym Challenge,2,1st Edition Holofoil,Damaged,300.0,https://images.pokemontcg.io/gym2/2.png
Blaine's Charizard,Gym Challenge,2,1st Edition Holofoil,Heavily Played,,https://images.pokemontcg.io/gym2/2.png
Blaine's Charizard,Gym Challenge,2,1st Edition Holofoil,Moderately Played,,https://images.pokemontcg.io/gym2/2.png
Blaine's Charizard,Gym Challenge,2,1st Edition Holofoil,Lightly Played,314.97,https://images.pokemontcg.io/gym2/2.png
Blaine's Charizard,Gym Challenge,2,1st Edition Holofoil,Near Mint,528.66,https://images.pokemontcg.io/gym2/2.png
Butterfree,Flashfire,3,Normal,Damaged,0.2,https://images.pokemontcg.io/xy2/3.png
Butterfree,Flashfire,3,Normal,Heavily Played,0.23,https://images.pokemontcg.io/xy2/3.png
Butterfree,Flashfire,3,Normal,Moderately Played,0.48,https://images.pokemontcg.io/xy2/3.png
Butterfree,Flashfire,3,Normal,Lightly Played,1.05,https://images.pokemontcg.io/xy2/3.png
Butterfree,Flashfire,3,Normal,Near Mint,0.5,https://images.pokemontcg.io/xy2/3.png
Butterfree,Flashfire,3,Reverse Holofoil,Damaged,0.2,https://images.pokemontcg.io/xy2/3.png
Butterfree,Flashfire,3,Reverse Holofoil,Heavily Played,0.23,https://images.pokemontcg.io/xy2/3.png
Butterfree,Flashfire,3,Reverse Holofoil,Moderately Played,0.48,https://images.pokemontcg.io/xy2/3.png
Butterfree,Flashfire,3,Reverse Holofoil,Lightly Played,1.05,https://images.pokemontcg.io/xy2/3.png
Butterfree,Flashfire,3,Reverse Holofoil,Near Mint,0.5,https://images.pokemontcg.io/xy2/3.png
Tangrowth,Steam Siege,2,Normal,Damaged,0.13,https://images.pokemontcg.io/xy11/2.png
Tangrowth,Steam Siege,2,Normal,Heavily Played,,https://images.pokemontcg.io/xy11/2.png
Tangrowth,Steam Siege,2,Normal,Moderately Played,0.27,https://images.pokemontcg.io/xy11/2.png
Tangrowth,Steam Siege,2,Normal,Lightly Played,0.18,https://images.pokemontcg.io/xy11/2.png
Tangrowth,Steam Siege,2,Normal,Near Mint,0.46,https://images.pokemontcg.io/xy11/2.png
Tangrowth,Steam Siege,2,Reverse Holofoil,Damaged,0.13,https://images.pokemontcg.io/xy11/2.png
Tangrowth,Steam Siege,2,Reverse Holofoil,Heavily Played,,https://images.pokemontcg.io/xy11/2.png
Tangrowth,Steam Siege,2,Reverse Holofoil,Moderately Played,0.27,https://images.pokemontcg.io/xy11/2.png
Tangrowth,Steam Siege,2,Reverse Holofoil,Lightly Played,0.18,https://images.pokemontcg.io/xy11/2.png
Tangrowth,Steam Siege,2,Reverse Holofoil,Near Mint,0.46,https://images.pokemontcg.io/xy11/2.png
Morelull,Detective Pikachu,3,Holofoil,Damaged,0.1,https://images.pokemontcg.io/det1/3.png
Morelull,Detective Pikachu,3,Holofoil,Heavily Played,,https://images.pokemontcg.io/det1/3.png
Morelull,Detective Pikachu,3,Holofoil,Moderately Played,0.2,https://images.pokemontcg.io/det1/3.png
Morelull,Detective Pikachu,3,Holofoil,Lightly Played,0.26,https://images.pokemontcg.io/det1/3.png
Morelull,Detective Pikachu,3,Holofoil,Near Mint,0.25,https://images.pokemontcg.io/det1/3.png
Crawdaunt,Dragon,3,Holofoil,Damaged,1.17,https://images.pokemontcg.io/ex3/3.png
Crawdaunt,Dragon,3,Holofoil,Heavily Played,2.34,https://images.pokemontcg.io/ex3/3.png
Crawdaunt,Dragon,3,Holofoil,Moderately Played,3.2,https://images.pokemontcg.io/ex3/3.png
Crawdaunt,Dragon,3,Holofoil,Lightly Played,4.2,https://images.pokemontcg.io/ex3/3.png
Crawdaunt,Dragon,3,Holofoil,Near Mint,6.94,https://images.pokemontcg.io/ex3/3.png
Crawdaunt,Dragon,3,Reverse Holofoil,Damaged,1.17,https://images.pokemontcg.io/ex3/3.png
Crawdaunt,Dragon,3,Reverse Holofoil,Heavily Played,2.34,https://images.pokemontcg.io/ex3/3.png
Crawdaunt,Dragon,3,Reverse Holofoil,Moderately Played,3.2,https://images.pokemontcg.io/ex3/3.png
Crawdaunt,Dragon,3,Reverse Holofoil,Lightly Played,4.2,https://images.pokemontcg.io/ex3/3.png
Crawdaunt,Dragon,3,Reverse Holofoil,Near Mint,,https://images.pokemontcg.io/ex3/3.png
Dragonair,Dragon Vault,3,,Damaged,,https://images.pokemontcg.io/dv1/3.png
Dragonair,Dragon Vault,3,,Heavily Played,,https://images.pokemontcg.io/dv1/3.png
Dragonair,Dragon Vault,3,,Moderately Played,,https://images.pokemontcg.io/dv1/3.png
Dragonair,Dragon Vault,3,,Lightly Played,,https://images.pokemontcg.io/dv1/3.png
Dragonair,Dragon Vault,3,,Near Mint,,https://images.pokemontcg.io/dv1/3.png
Weedle,Team Up,3,,Damaged,,https://images.pokemontcg.io/sm9/3.png
Weedle,Team Up,3,,Heavily Played,,https://images.pokemontcg.io/sm9/3.png
Weedle,Team Up,3,,Moderately Played,,https://images.pokemontcg.io/sm9/3.png
Weedle,Team Up,3,,Lightly Played,,https://images.pokemontcg.io/sm9/3.png
Weedle,Team Up,3,,Near Mint,,https://images.pokemontcg.io/sm9/3.png
Gallade,POP Series 7,2,,Damaged,,https://images.pokemontcg.io/pop7/2.png
Gallade,POP Series 7,2,,Heavily Played,,https://images.pokemontcg.io/pop7/2.png
Gallade,POP Series 7,2,,Moderately Played,,https://images.pokemontcg.io/pop7/2.png
Gallade,POP Series 7,2,,Lightly Played,,https://images.pokemontcg.io/pop7/2.png
Gallade,POP Series 7,2,,Near Mint,,https://images.pokemontcg.io/pop7/2.png
Metapod,Sun & Moon,2,,Damaged,,https://images.pokemontcg.io/sm1/2.png
Metapod,Sun & Moon,2,,Heavily Played,,https://images.pokemontcg.io/sm1/2.png
Metapod,Sun & Moon,2,,Moderately Played,,https://images.pokemontcg.io/sm1/2.png
Metapod,Sun & Moon,2,,Lightly Played,,https://images.pokemontcg.io/sm1/2.png
Metapod,Sun & Moon,2,,Near Mint,,https://images.pokemontcg.io/sm1/2.png
Magmar,McDonald's Collection 2019,3,Holofoil,Damaged,1.09,https://images.pokemontcg.io/mcd19/3.png
Magmar,McDonald's Collection 2019,3,Holofoil,Heavily Played,1.53,https://images.pokemontcg.io/mcd19/3.png
Magmar,McDonald's Collection 2019,3,Holofoil,Moderately Played,2.45,https://images.pokemontcg.io/mcd19/3.png
Magmar,McDonald's Collection 2019,3,Holofoil,Lightly Played,4.83,https://images.pokemontcg.io/mcd19/3.png
Magmar,McDonald's Collection 2019,3,Holofoil,Near Mint,10.75,https://images.pokemontcg.io/mcd19/3.png
Deoxys,Call of Legends,2,Reverse Holofoil,Damaged,3.75,https://images.pokemontcg.io/col1/2.png
Deoxys,Call of Legends,2,Reverse Holofoil,Heavily Played,2.6,https://images.pokemontcg.io/col1/2.png
Deoxys,Call of Legends,2,Reverse Holofoil,Moderately Played,6.25,https://images.pokemontcg.io/col1/2.png
Deoxys,Call of Legends,2,Reverse Holofoil,Lightly Played,8.16,https://images.pokemontcg.io/col1/2.png
Deoxys,Call of Legends,2,Reverse Holofoil,Near Mint,10.11,https://images.pokemontcg.io/col1/2.png
Deoxys,Call of Legends,2,Holofoil,Damaged,3.18,https://images.pokemontcg.io/col1/2.png
Deoxys,Call of Legends,2,Holofoil,Heavily Played,4.65,https://images.pokemontcg.io/col1/2.png
Deoxys,Call of Legends,2,Holofoil,Moderately Played,6.25,https://images.pokemontcg.io/col1/2.png
Deoxys,Call of Legends,2,Holofoil,Lightly Played,8.16,https://images.pokemontcg.io/col1/2.png
Deoxys,Call of Legends,2,Holofoil,Near Mint,10.11,https://images.pokemontcg.io/col1/2.png
Blaziken,Platinum,3,Holofoil,Damaged,2.55,https://images.pokemontcg.io/pl1/3.png
Blaziken,Platinum,3,Holofoil,Heavily Played,3.19,https://images.pokemontcg.io/pl1/3.png
Blaziken,Platinum,3,Holofoil,Moderately Played,3.96,https://images.pokemontcg.io/pl1/3.png
Blaziken,Platinum,3,Holofoil,Lightly Played,5.42,https://images.pokemontcg.io/pl1/3.png
Blaziken,Platinum,3,Holofoil,Near Mint,11.03,https://images.pokemontcg.io/pl1/3.png
Blaziken,Platinum,3,Reverse Holofoil,Damaged,2.55,https://images.pokemontcg.io/pl1/3.png
Blaziken,Platinum,3,Reverse Holofoil,Heavily Played,3.19,https://images.pokemontcg.io/pl1/3.png
Blaziken,Platinum,3,Reverse Holofoil,Moderately Played,3.96,https://images.pokemontcg.io/pl1/3.png
Blaziken,Platinum,3,Reverse Holofoil,Lightly Played,5.42,https://images.pokemontcg.io/pl1/3.png
Blaziken,Platinum,3,Reverse Holofoil,Near Mint,11.03,https://images.pokemontcg.io/pl1/3.png
Metapod,Hidden Fates,2,Normal,Damaged,,https://images.pokemontcg.io/sm115/2.png
Metapod,Hidden Fates,2,Normal,Heavily Played,,https://images.pokemontcg.io/sm115/2.png
Metapod,Hidden Fates,2,Normal,Moderately Played,0.17,https://images.pokemontcg.io/sm115/2.png
Metapod,Hidden Fates,2,Normal,Lightly Played,0.11,https://images.pokemontcg.io/sm115/2.png
Metapod,Hidden Fates,2,Normal,Near Mint,0.11,https://images.pokemontcg.io/sm115/2.png
Metapod,Hidden Fates,2,Reverse Holofoil,Damaged,,https://images.pokemontcg.io/sm115/2.png
Metapod,Hidden Fates,2,Reverse Holofoil,Heavily Played,,https://images.pokemontcg.io/sm115/2.png
Metapod,Hidden Fates,2,Reverse Holofoil,Moderately Played,0.17,https://images.pokemontcg.io/sm115/2.png
Metapod,Hidden Fates,2,Reverse Holofoil,Lightly Played,0.11,https://images.pokemontcg.io/sm115/2.png
Metapod,Hidden Fates,2,Reverse Holofoil,Near Mint,0.11,https://images.pokemontcg.io/sm115/2.png
Erika's Clefable,Gym Heroes,3,Unlimited Holofoil,Damaged,13.0,https://images.pokemontcg.io/gym1/3.png
Erika's Clefable,Gym Heroes,3,Unlimited Holofoil,Heavily Played,24.94,https://images.pokemontcg.io/gym1/3.png
Erika's Clefable,Gym Heroes,3,Unlimited Holofoil,Moderately Played,49.99,https://images.pokemontcg.io/gym1/3.png
Erika's Clefable,Gym Heroes,3,Unlimited Holofoil,Lightly Played,61.16,https://images.pokemontcg.io/gym1/3.png
Erika's Clefable,Gym Heroes,3,Unlimited Holofoil,Near Mint,81.31,https://images.pokemontcg.io/gym1/3.png
Erika's Clefable,Gym Heroes,3,1st Edition Holofoil,Damaged,13.0,https://images.pokemontcg.io/gym1/3.png
Erika's Clefable,Gym Heroes,3,1st Edition Holofoil,Heavily Played,24.94,https://images.pokemontcg.io/gym1/3.png
Erika's Clefable,Gym Heroes,3,1st Edition Holofoil,Moderately Played,49.99,https://images.pokemontcg.io/gym1/3.png
Erika's Clefable,Gym Heroes,3,1st Edition Holofoil,Lightly Played,61.16,https://images.pokemontcg.io/gym1/3.png
Erika's Clefable,Gym Heroes,3,1st Edition Holofoil,Near Mint,81.31,https://images.pokemontcg.io/gym1/3.png
Charizard,Secret Wonders,3,Holofoil,Damaged,20.98,https://images.pokemontcg.io/dp3/3.png
Charizard,Secret Wonders,3,Holofoil,Heavily Played,31.51,https://images.pokemontcg.io/dp3/3.png
Charizard,Secret Wonders,3,Holofoil,Moderately Played,53.01,https://images.pokemontcg.io/dp3/3.png
Charizard,Secret Wonders,3,Holofoil,Lightly Played,71.76,https://images.pokemontcg.io/dp3/3.png
Charizard,Secret Wonders,3,Holofoil,Near Mint,127.01,https://images.pokemontcg.io/dp3/3.png
Charizard,Secret Wonders,3,Reverse Holofoil,Damaged,20.98,https://images.pokemontcg.io/dp3/3.png
Charizard,Secret Wonders,3,Reverse Holofoil,Heavily Played,31.51,https://images.pokemontcg.io/dp3/3.png
Charizard,Secret Wonders,3,Reverse Holofoil,Moderately Played,53.01,https://images.pokemontcg.io/dp3/3.png
Charizard,Secret Wonders,3,Reverse Holofoil,Lightly Played,71.76,https://images.pokemontcg.io/dp3/3.png
Charizard,Secret Wonders,3,Reverse Holofoil,Near Mint,127.01,https://images.pokemontcg.io/dp3/3.png
Bellsprout,Guardians Rising,1,Normal,Damaged,,https://images.pokemontcg.io/sm2/1.png
Bellsprout,Guardians Rising,1,Normal,Heavily Played,,https://images.pokemontcg.io/sm2/1.png
Bellsprout,Guardians Rising,1,Normal,Moderately Played,0.1,https://images.pokemontcg.io/sm2/1.png
Bellsprout,Guardians Rising,1,Normal,Lightly Played,0.14,https://images.pokemontcg.io/sm2/1.png
Bellsprout,Guardians Rising,1,Normal,Near Mint,0.12,https://images.pokemontcg.io/sm2/1.png
Bellsprout,Guardians Rising,1,Reverse Holofoil,Damaged,,https://images.pokemontcg.io/sm2/1.png
Bellsprout,Guardians Rising,1,Reverse Holofoil,Heavily Played,,https://images.pokemontcg.io/sm2/1.png
Bellsprout,Guardians Rising,1,Reverse Holofoil,Moderately Played,0.1,https://images.pokemontcg.io/sm2/1.png
Bellsprout,Guardians Rising,1,Reverse Holofoil,Lightly Played,0.14,https://images.pokemontcg.io/sm2/1.png
Bellsprout,Guardians Rising,1,Reverse Holofoil,Near Mint,0.12,https://images.pokemontcg.io/sm2/1.png
Dark Alakazam,Team Rocket,1,Unlimited,Damaged,5.23,https://images.pokemontcg.io/base5/1.png
Dark Alakazam,Team Rocket,1,Unlimited,Heavily Played,7.5,https://images.pokemontcg.io/base5/1.png
Dark Alakazam,Team Rocket,1,Unlimited,Moderately Played,11.16,https://images.pokemontcg.io/base5/1.png
Dark Alakazam,Team Rocket,1,Unlimited,Lightly Played,14.3,https://images.pokemontcg.io/base5/1.png
Dark Alakazam,Team Rocket,1,Unlimited,Near Mint,24.11,https://images.pokemontcg.io/base5/1.png
Dark Alakazam,Team Rocket,1,1st Edition,Damaged,5.23,https://images.pokemontcg.io/base5/1.png
Dark Alakazam,Team Rocket,1,1st Edition,Heavily Played,7.5,https://images.pokemontcg.io/base5/1.png
Dark Alakazam,Team Rocket,1,1st Edition,Moderately Played,11.16,https://images.pokemontcg.io/base5/1.png
Dark Alakazam,Team Rocket,1,1st Edition,Lightly Played,14.3,https://images.pokemontcg.io/base5/1.png
Dark Alakazam,Team Rocket,1,1st Edition,Near Mint,24.11,https://images.pokemontcg.io/base5/1.png
Venonat,Phantom Forces,1,Normal,Damaged,0.05,https://images.pokemontcg.io/xy4/1.png
Venonat,Phantom Forces,1,Normal,Heavily Played,0.06,https://images.pokemontcg.io/xy4/1.png
Venonat,Phantom Forces,1,Normal,Moderately Played,0.07,https://images.pokemontcg.io/xy4/1.png
Venonat,Phantom Forces,1,Normal,Lightly Played,0.1,https://images.pokemontcg.io/xy4/1.png
Venonat,Phantom Forces,1,Normal,Near Mint,0.16,https://images.pokemontcg.io/xy4/1.png
Venonat,Phantom Forces,1,Reverse Holofoil,Damaged,0.05,https://images.pokemontcg.io/xy4/1.png
Venonat,Phantom Forces,1,Reverse Holofoil,Heavily Played,0.06,https://images.pokemontcg.io/xy4/1.png
Venonat,Phantom Forces,1,Reverse Holofoil,Moderately Played,0.07,https://images.pokemontcg.io/xy4/1.png
Venonat,Phantom Forces,1,Reverse Holofoil,Lightly Played,0.1,https://images.pokemontcg.io/xy4/1.png
Venonat,Phantom Forces,1,Reverse Holofoil,Near Mint,0.16,https://images.pokemontcg.io/xy4/1.png
Tangela,Legendary Treasures,1,Normal,Damaged,0.13,https://images.pokemontcg.io/bw11/1.png
Tangela,Legendary Treasures,1,Normal,Heavily Played,,https://images.pokemontcg.io/bw11/1.png
Tangela,Legendary Treasures,1,Normal,Moderately Played,0.14,https://images.pokemontcg.io/bw11/1.png
Tangela,Legendary Treasures,1,Normal,Lightly Played,0.16,https://images.pokemontcg.io/bw11/1.png
Tangela,Legendary Treasures,1,Normal,Near Mint,0.19,https://images.pokemontcg.io/bw11/1.png
Tangela,Legendary Treasures,1,Reverse Holofoil,Damaged,0.13,https://images.pokemontcg.io/bw11/1.png
Tangela,Legendary Treasures,1,Reverse Holofoil,Heavily Played,,https://images.pokemontcg.io/bw11/1.png
Tangela,Legendary Treasures,1,Reverse Holofoil,Moderately Played,0.14,https://images.pokemontcg.io/bw11/1.png
Tangela,Legendary Treasures,1,Reverse Holofoil,Lightly Played,0.16,https://images.pokemontcg.io/bw11/1.png
Tangela,Legendary Treasures,1,Reverse Holofoil,Near Mint,0.19,https://images.pokemontcg.io/bw11/1.png
Team Aqua's Cacturne,Team Magma vs Team Aqua,1,Reverse Holofoil,Damaged,5.38,https://images.pokemontcg.io/ex4/1.png
Team Aqua's Cacturne,Team Magma vs Team Aqua,1,Reverse Holofoil,Heavily Played,7.0,https://images.pokemontcg.io/ex4/1.png
Team Aqua's Cacturne,Team Magma vs Team Aqua,1,Reverse Holofoil,Moderately Played,10.08,https://images.pokemontcg.io/ex4/1.png
Team Aqua's Cacturne,Team Magma vs Team Aqua,1,Reverse Holofoil,Lightly Played,11.39,https://images.pokemontcg.io/ex4/1.png
Team Aqua's Cacturne,Team Magma vs Team Aqua,1,Reverse Holofoil,Near Mint,9.2,https://images.pokemontcg.io/ex4/1.png
Team Aqua's Cacturne,Team Magma vs Team Aqua,1,Holofoil,Damaged,5.38,https://images.pokemontcg.io/ex4/1.png
Team Aqua's Cacturne,Team Magma vs Team Aqua,1,Holofoil,Heavily Played,7.0,https://images.pokemontcg.io/ex4/1.png
Team Aqua's Cacturne,Team Magma vs Team Aqua,1,Holofoil,Moderately Played,10.08,https://images.pokemontcg.io/ex4/1.png
Team Aqua's Cacturne,Team Magma vs Team Aqua,1,Holofoil,Lightly Played,11.39,https://images.pokemontcg.io/ex4/1.png
Team Aqua's Cacturne,Team Magma vs Team Aqua,1,Holofoil,Near Mint,9.2,https://images.pokemontcg.io/ex4/1.png
Pinsir,Next Destinies,1,Normal,Damaged,0.24,https://images.pokemontcg.io/bw4/1.png
Pinsir,Next Destinies,1,Normal,Heavily Played,0.27,https://images.pokemontcg.io/bw4/1.png
Pinsir,Next Destinies,1,Normal,Moderately Played,0.34,https://images.pokemontcg.io/bw4/1.png
Pinsir,Next Destinies,1,Normal,Lightly Played,0.41,https://images.pokemontcg.io/bw4/1.png
Pinsir,Next Destinies,1,Normal,Near Mint,0.42,https://images.pokemontcg.io/bw4/1.png
Pinsir,Next Destinies,1,Reverse Holofoil,Damaged,0.24,https://images.pokemontcg.io/bw4/1.png
Pinsir,Next Destinies,1,Reverse Holofoil,Heavily Played,0.27,https://images.pokemontcg.io/bw4/1.png
Pinsir,Next Destinies,1,Reverse Holofoil,Moderately Played,0.34,https://images.pokemontcg.io/bw4/1.png
Pinsir,Next Destinies,1,Reverse Holofoil,Lightly Played,0.41,https://images.pokemontcg.io/bw4/1.png
Pinsir,Next Destinies,1,Reverse Holofoil,Near Mint,0.42,https://images.pokemontcg.io/bw4/1.png
Weedle,Plasma Freeze,1,Normal,Damaged,0.14,https://images.pokemontcg.io/bw9/1.png
Weedle,Plasma Freeze,1,Normal,Heavily Played,0.15,https://images.pokemontcg.io/bw9/1.png
Weedle,Plasma Freeze,1,Normal,Moderately Played,0.16,https://images.pokemontcg.io/bw9/1.png
Weedle,Plasma Freeze,1,Normal,Lightly Played,0.23,https://images.pokemontcg.io/bw9/1.png
Weedle,Plasma Freeze,1,Normal,Near Mint,0.27,https://images.pokemontcg.io/bw9/1.png
Weedle,Plasma Freeze,1,Reverse Holofoil,Damaged,0.14,https://images.pokemontcg.io/bw9/1.png
Weedle,Plasma Freeze,1,Reverse Holofoil,Heavily Played,0.15,https://images.pokemontcg.io/bw9/1.png
Weedle,Plasma Freeze,1,Reverse Holofoil,Moderately Played,0.16,https://images.pokemontcg.io/bw9/1.png
Weedle,Plasma Freeze,1,Reverse Holofoil,Lightly Played,0.23,https://images.pokemontcg.io/bw9/1.png
Weedle,Plasma Freeze,1,Reverse Holofoil,Near Mint,0.27,https://images.pokemontcg.io/bw9/1.png
Alakazam,Base,1,Holofoil,Damaged,10.28,https://images.pokemontcg.io/base1/1.png
Alakazam,Base,1,Holofoil,Heavily Played,13.0,https://images.pokemontcg.io/base1/1.png
Alakazam,Base,1,Holofoil,Moderately Played,16.92,https://images.pokemontcg.io/base1/1.png
Alakazam,Base,1,Holofoil,Lightly Played,22.36,https://images.pokemontcg.io/base1/1.png
Alakazam,Base,1,Holofoil,Near Mint,34.62,https://images.pokemontcg.io/base1/1.png
Blastoise,POP Series 3,1,Holofoil,Damaged,25.0,https://images.pokemontcg.io/pop3/1.png
Blastoise,POP Series 3,1,Holofoil,Heavily Played,50.0,https://images.pokemontcg.io/pop3/1.png
Blastoise,POP Series 3,1,Holofoil,Moderately Played,,https://images.pokemontcg.io/pop3/1.png
Blastoise,POP Series 3,1,Holofoil,Lightly Played,,https://images.pokemontcg.io/pop3/1.png
Blastoise,POP Series 3,1,Holofoil,Near Mint,,https://images.pokemontcg.io/pop3/1.png
Blaziken,Great Encounters,1,Holofoil,Damaged,2.85,https://images.pokemontcg.io/dp4/1.png
Blaziken,Great Encounters,1,Holofoil,Heavily Played,2.53,https://images.pokemontcg.io/dp4/1.png
Blaziken,Great Encounters,1,Holofoil,Moderately Played,4.8,https://images.pokemontcg.io/dp4/1.png
Blaziken,Great Encounters,1,Holofoil,Lightly Played,9.7,https://images.pokemontcg.io/dp4/1.png
Blaziken,Great Encounters,1,Holofoil,Near Mint,14.74,https://images.pokemontcg.io/dp4/1.png
Blaziken,Great Encounters,1,Reverse Holofoil,Damaged,2.85,https://images.pokemontcg.io/dp4/1.png
Blaziken,Great Encounters,1,Reverse Holofoil,Heavily Played,2.53,https://images.pokemontcg.io/dp4/1.png
Blaziken,Great Encounters,1,Reverse Holofoil,Moderately Played,4.8,https://images.pokemontcg.io/dp4/1.png
Blaziken,Great Encounters,1,Reverse Holofoil,Lightly Played,9.7,https://images.pokemontcg.io/dp4/1.png
Blaziken,Great Encounters,1,Reverse Holofoil,Near Mint,14.74,https://images.pokemontcg.io/dp4/1.png
Oddish,Boundaries Crossed,1,,Damaged,,https://images.pokemontcg.io/bw7/1.png
Oddish,Boundaries Crossed,1,,Heavily Played,,https://images.pokemontcg.io/bw7/1.png
Oddish,Boundaries Crossed,1,,Moderately Played,,https://images.pokemontcg.io/bw7/1.png
Oddish,Boundaries Crossed,1,,Lightly Played,,https://images.pokemontcg.io/bw7/1.png
Oddish,Boundaries Crossed,1,,Near Mint,,https://images.pokemontcg.io/bw7/1.png
Altaria,Deoxys,1,,Damaged,,https://images.pokemontcg.io/ex8/1.png
Altaria,Deoxys,1,,Heavily Played,,https://images.pokemontcg.io/ex8/1.png
Altaria,Deoxys,1,,Moderately Played,,https://images.pokemontcg.io/ex8/1.png
Altaria,Deoxys,1,,Lightly Played,,https://images.pokemontcg.io/ex8/1.png
Altaria,Deoxys,1,,Near Mint,,https://images.pokemontcg.io/ex8/1.png
Bulbasaur,Dark Explorers,1,,Damaged,,https://images.pokemontcg.io/bw5/1.png
Bulbasaur,Dark Explorers,1,,Heavily Played,,https://images.pokemontcg.io/bw5/1.png
Bulbasaur,Dark Explorers,1,,Moderately Played,,https://images.pokemontcg.io/bw5/1.png
Bulbasaur,Dark Explorers,1,,Lightly Played,,https://images.pokemontcg.io/bw5/1.png
Bulbasaur,Dark Explorers,1,,Near Mint,,https://images.pokemontcg.io/bw5/1.png
Ho-Oh,POP Series 5,1,,Damaged,,https://images.pokemontcg.io/pop5/1.png
Ho-Oh,POP Series 5,1,,Heavily Played,,https://images.pokemontcg.io/pop5/1.png
Ho-Oh,POP Series 5,1,,Moderately Played,,https://images.pokemontcg.io/pop5/1.png
Ho-Oh,POP Series 5,1,,Lightly Played,,https://images.pokemontcg.io/pop5/1.png
Ho-Oh,POP Series 5,1,,Near Mint,,https://images.pokemontcg.io/pop5/1.png
Exeggcute,Ultra Prism,1,Normal,Damaged,,https://images.pokemontcg.io/sm5/1.png
Exeggcute,Ultra Prism,1,Normal,Heavily Played,0.07,https://images.pokemontcg.io/sm5/1.png
Exeggcute,Ultra Prism,1,Normal,Moderately Played,0.16,https://images.pokemontcg.io/sm5/1.png
Exeggcute,Ultra Prism,1,Normal,Lightly Played,0.11,https://images.pokemontcg.io/sm5/1.png
Exeggcute,Ultra Prism,1,Normal,Near Mint,0.14,https://images.pokemontcg.io/sm5/1.png
Exeggcute,Ultra Prism,1,Reverse Holofoil,Damaged,,https://images.pokemontcg.io/sm5/1.png
Exeggcute,Ultra Prism,1,Reverse Holofoil,Heavily Played,,https://images.pokemontcg.io/sm5/1.png
Exeggcute,Ultra Prism,1,Reverse Holofoil,Moderately Played,0.39,https://images.pokemontcg.io/sm5/1.png
Exeggcute,Ultra Prism,1,Reverse Holofoil,Lightly Played,0.32,https://images.pokemontcg.io/sm5/1.png
Exeggcute,Ultra Prism,1,Reverse Holofoil,Near Mint,0.37,https://images.pokemontcg.io/sm5/1.png
Shuckle,Fates Collide,1,Normal,Damaged,,https://images.pokemontcg.io/xy10/1.png
Shuckle,Fates Collide,1,Normal,Heavily Played,0.06,https://images.pokemontcg.io/xy10/1.png
Shuckle,Fates Collide,1,Normal,Moderately Played,0.1,https://images.pokemontcg.io/xy10/1.png
Shuckle,Fates Collide,1,Normal,Lightly Played,0.18,https://images.pokemontcg.io/xy10/1.png
Shuckle,Fates Collide,1,Normal,Near Mint,0.18,https://images.pokemontcg.io/xy10/1.png
Shuckle,Fates Collide,1,Reverse Holofoil,Damaged,,https://images.pokemontcg.io/xy10/1.png
Shuckle,Fates Collide,1,Reverse Holofoil,Heavily Played,0.06,https://images.pokemontcg.io/xy10/1.png
Shuckle,Fates Collide,1,Reverse Holofoil,Moderately Played,0.1,https://images.pokemontcg.io/xy10/1.png
Shuckle,Fates Collide,1,Reverse Holofoil,Lightly Played,0.18,https://images.pokemontcg.io/xy10/1.png
Shuckle,Fates Collide,1,Reverse Holofoil,Near Mint,0.18,https://images.pokemontcg.io/xy10/1.png
Tangela,Lost Thunder,1,Normal,Damaged,,https://images.pokemontcg.io/sm8/1.png
Tangela,Lost Thunder,1,Normal,Heavily Played,,https://images.pokemontcg.io/sm8/1.png
Tangela,Lost Thunder,1,Normal,Moderately Played,0.12,https://images.pokemontcg.io/sm8/1.png
Tangela,Lost Thunder,1,Normal,Lightly Played,0.2,https://images.pokemontcg.io/sm8/1.png
Tangela,Lost Thunder,1,Normal,Near Mint,0.21,https://images.pokemontcg.io/sm8/1.png
Tangela,Lost Thunder,1,Reverse Holofoil,Damaged,,https://images.pokemontcg.io/sm8/1.png
Tangela,Lost Thunder,1,Reverse Holofoil,Heavily Played,,https://images.pokemontcg.io/sm8/1.png
Tangela,Lost Thunder,1,Reverse Holofoil,Moderately Played,0.12,https://images.pokemontcg.io/sm8/1.png
Tangela,Lost Thunder,1,Reverse Holofoil,Lightly Played,0.2,https://images.pokemontcg.io/sm8/1.png
Tangela,Lost Thunder,1,Reverse Holofoil,Near Mint,0.21,https://images.pokemontcg.io/sm8/1.png
Jirachi,Unleashed,1,Holofoil,Damaged,,https://images.pokemontcg.io/hgss2/1.png
Jirachi,Unleashed,1,Holofoil,Heavily Played,3.76,https://images.pokemontcg.io/hgss2/1.png
Jirachi,Unleashed,1,Holofoil,Moderately Played,5.98,https://images.pokemontcg.io/hgss2/1.png
Jirachi,Unleashed,1,Holofoil,Lightly Played,7.76,https://images.pokemontcg.io/hgss2/1.png
Jirachi,Unleashed,1,Holofoil,Near Mint,13.17,https://images.pokemontcg.io/hgss2/1.png
Jirachi,Unleashed,1,Reverse Holofoil,Damaged,,https://images.pokemontcg.io/hgss2/1.png
Jirachi,Unleashed,1,Reverse Holofoil,Heavily Played,3.76,https://images.pokemontcg.io/hgss2/1.png
Jirachi,Unleashed,1,Reverse Holofoil,Moderately Played,5.98,https://images.pokemontcg.io/hgss2/1.png
Jirachi,Unleashed,1,Reverse Holofoil,Lightly Played,7.76,https://images.pokemontcg.io/hgss2/1.png
Jirachi,Unleashed,1,Reverse Holofoil,Near Mint,13.17,https://images.pokemontcg.io/hgss2/1.png
Turtwig,DP Black Star Promos,DP01,Foil,Damaged,,https://images.pokemontcg.io/dpp/DP01.png
Turtwig,DP Black Star Promos,DP01,Foil,Heavily Played,,https://images.pokemontcg.io/dpp/DP01.png
Turtwig,DP Black Star Promos,DP01,Foil,Moderately Played,,https://images.pokemontcg.io/dpp/DP01.png
Turtwig,DP Black Star Promos,DP01,Foil,Lightly Played,0.86,https://images.pokemontcg.io/dpp/DP01.png
Turtwig,DP Black Star Promos,DP01,Foil,Near Mint,0.96,https://images.pokemontcg.io/dpp/DP01.png
Celebi V,Sword & Shield,1,Holofoil,Damaged,1.1,https://images.pokemontcg.io/swsh1/1.png
Celebi V,Sword & Shield,1,Holofoil,Heavily Played,,https://images.pokemontcg.io/swsh1/1.png
Celebi V,Sword & Shield,1,Holofoil,Moderately Played,1.07,https://images.pokemontcg.io/swsh1/1.png
Celebi V,Sword & Shield,1,Holofoil,Lightly Played,1.18,https://images.pokemontcg.io/swsh1/1.png
Celebi V,Sword & Shield,1,Holofoil,Near Mint,1.42,https://images.pokemontcg.io/swsh1/1.png
Pikachu,Wizards Black Star Promos,1,,Damaged,,https://images.pokemontcg.io/basep/1.png
Pikachu,Wizards Black Star Promos,1,,Heavily Played,,https://images.pokemontcg.io/basep/1.png
Pikachu,Wizards Black Star Promos,1,,Moderately Played,,https://images.pokemontcg.io/basep/1.png
Pikachu,Wizards Black Star Promos,1,,Lightly Played,,https://images.pokemontcg.io/basep/1.png
Pikachu,Wizards Black Star Promos,1,,Near Mint,,https://images.pokemontcg.io/basep/1.png
Weedle,Vivid Voltage,1,Normal,Damaged,,https://images.pokemontcg.io/swsh4/1.png
Weedle,Vivid Voltage,1,Normal,Heavily Played,0.02,https://images.pokemontcg.io/swsh4/1.png
Weedle,Vivid Voltage,1,Normal,Moderately Played,0.18,https://images.pokemontcg.io/swsh4/1.png
Weedle,Vivid Voltage,1,Normal,Lightly Played,0.07,https://images.pokemontcg.io/swsh4/1.png
Weedle,Vivid Voltage,1,Normal,Near Mint,0.09,https://images.pokemontcg.io/swsh4/1.png
Weedle,Vivid Voltage,1,Reverse Holofoil,Damaged,,https://images.pokemontcg.io/swsh4/1.png
Weedle,Vivid Voltage,1,Reverse Holofoil,Heavily Played,0.02,https://images.pokemontcg.io/swsh4/1.png
Weedle,Vivid Voltage,1,Reverse Holofoil,Moderately Played,0.18,https://images.pokemontcg.io/swsh4/1.png
Weedle,Vivid Voltage,1,Reverse Holofoil,Lightly Played,0.07,https://images.pokemontcg.io/swsh4/1.png
Weedle,Vivid Voltage,1,Reverse Holofoil,Near Mint,0.09,https://images.pokemontcg.io/swsh4/1.png
Venusaur-EX,XY,1,,Damaged,,https://images.pokemontcg.io/xy1/1.png
Venusaur-EX,XY,1,,Heavily Played,,https://images.pokemontcg.io/xy1/1.png
Venusaur-EX,XY,1,,Moderately Played,,https://images.pokemontcg.io/xy1/1.png
Venusaur-EX,XY,1,,Lightly Played,,https://images.pokemontcg.io/xy1/1.png
Venusaur-EX,XY,1,,Near Mint,,https://images.pokemontcg.io/xy1/1.png
Blaziken,POP Series 1,1,Holofoil,Damaged,1.08,https://images.pokemontcg.io/pop1/1.png
Blaziken,POP Series 1,1,Holofoil,Heavily Played,1.94,https://images.pokemontcg.io/pop1/1.png
Blaziken,POP Series 1,1,Holofoil,Moderately Played,4.08,https://images.pokemontcg.io/pop1/1.png
Blaziken,POP Series 1,1,Holofoil,Lightly Played,6.53,https://images.pokemontcg.io/pop1/1.png
Blaziken,POP Series 1,1,Holofoil,Near Mint,8.41,https://images.pokemontcg.io/pop1/1.png
Blaziken,POP Series 1,1,Normal,Damaged,1.08,https://images.pokemontcg.io/pop1/1.png
Blaziken,POP Series 1,1,Normal,Heavily Played,1.94,https://images.pokemontcg.io/pop1/1.png
Blaziken,POP Series 1,1,Normal,Moderately Played,4.08,https://images.pokemontcg.io/pop1/1.png
Blaziken,POP Series 1,1,Normal,Lightly Played,6.53,https://images.pokemontcg.io/pop1/1.png
Blaziken,POP Series 1,1,Normal,Near Mint,8.41,https://images.pokemontcg.io/pop1/1.png
Turtwig,Plasma Storm,1,Normal,Damaged,0.18,https://images.pokemontcg.io/bw8/1.png
Turtwig,Plasma Storm,1,Normal,Heavily Played,0.19,https://images.pokemontcg.io/bw8/1.png
Turtwig,Plasma Storm,1,Normal,Moderately Played,0.22,https://images.pokemontcg.io/bw8/1.png
Turtwig,Plasma Storm,1,Normal,Lightly Played,0.2,https://images.pokemontcg.io/bw8/1.png
Turtwig,Plasma Storm,1,Normal,Near Mint,0.5,https://images.pokemontcg.io/bw8/1.png
Turtwig,Plasma Storm,1,Reverse Holofoil,Damaged,0.18,https://images.pokemontcg.io/bw8/1.png
Turtwig,Plasma Storm,1,Reverse Holofoil,Heavily Played,0.19,https://images.pokemontcg.io/bw8/1.png
Turtwig,Plasma Storm,1,Reverse Holofoil,Moderately Played,0.22,https://images.pokemontcg.io/bw8/1.png
Turtwig,Plasma Storm,1,Reverse Holofoil,Lightly Played,0.2,https://images.pokemontcg.io/bw8/1.png
Turtwig,Plasma Storm,1,Reverse Holofoil,Near Mint,0.5,https://images.pokemontcg.io/bw8/1.png
Alakazam,Legendary Collection,1,Holofoil,Damaged,12.88,https://images.pokemontcg.io/base6/1.png
Alakazam,Legendary Collection,1,Holofoil,Heavily Played,13.91,https://images.pokemontcg.io/base6/1.png
Alakazam,Legendary Collection,1,Holofoil,Moderately Played,29.71,https://images.pokemontcg.io/base6/1.png
Alakazam,Legendary Collection,1,Holofoil,Lightly Played,34.7,https://images.pokemontcg.io/base6/1.png
Alakazam,Legendary Collection,1,Holofoil,Near Mint,53.38,https://images.pokemontcg.io/base6/1.png
Alakazam,Legendary Collection,1,Reverse Holofoil,Damaged,12.88,https://images.pokemontcg.io/base6/1.png
Alakazam,Legendary Collection,1,Reverse Holofoil,Heavily Played,13.91,https://images.pokemontcg.io/base6/1.png
Alakazam,Legendary Collection,1,Reverse Holofoil,Moderately Played,29.71,https://images.pokemontcg.io/base6/1.png
Alakazam,Legendary Collection,1,Reverse Holofoil,Lightly Played,34.7,https://images.pokemontcg.io/base6/1.png
Alakazam,Legendary Collection,1,Reverse Holofoil,Near Mint,53.38,https://images.pokemontcg.io/base6/1.png
Garchomp,POP Series 9,1,Normal,Damaged,3.36,https://images.pokemontcg.io/pop9/1.png
Garchomp,POP Series 9,1,Normal,Heavily Played,4.86,https://images.pokemontcg.io/pop9/1.png
Garchomp,POP Series 9,1,Normal,Moderately Played,,https://images.pokemontcg.io/pop9/1.png
Garchomp,POP Series 9,1,Normal,Lightly Played,,https://images.pokemontcg.io/pop9/1.png
Garchomp,POP Series 9,1,Normal,Near Mint,,https://images.pokemontcg.io/pop9/1.png
Chimecho δ,POP Series 4,1,,Damaged,,https://images.pokemontcg.io/pop4/1.png
Chimecho δ,POP Series 4,1,,Heavily Played,,https://images.pokemontcg.io/pop4/1.png
Chimecho δ,POP Series 4,1,,Moderately Played,,https://images.pokemontcg.io/pop4/1.png
Chimecho δ,POP Series 4,1,,Lightly Played,,https://images.pokemontcg.io/pop4/1.png
Chimecho δ,POP Series 4,1,,Near Mint,,https://images.pokemontcg.io/pop4/1.png
Dark Ampharos,Neo Destiny,1,Unlimited Holofoil,Damaged,80.25,https://images.pokemontcg.io/neo4/1.png
Dark Ampharos,Neo Destiny,1,Unlimited Holofoil,Heavily Played,,https://images.pokemontcg.io/neo4/1.png
Dark Ampharos,Neo Destiny,1,Unlimited Holofoil,Moderately Played,149.99,https://images.pokemontcg.io/neo4/1.png
Dark Ampharos,Neo Destiny,1,Unlimited Holofoil,Lightly Played,187.48,https://images.pokemontcg.io/neo4/1.png
Dark Ampharos,Neo Destiny,1,Unlimited Holofoil,Near Mint,,https://images.pokemontcg.io/neo4/1.png
Dark Ampharos,Neo Destiny,1,1st Edition Holofoil,Damaged,80.25,https://images.pokemontcg.io/neo4/1.png
Dark Ampharos,Neo Destiny,1,1st Edition Holofoil,Heavily Played,,https://images.pokemontcg.io/neo4/1.png
Dark Ampharos,Neo Destiny,1,1st Edition Holofoil,Moderately Played,149.99,https://images.pokemontcg.io/neo4/1.png
Dark Ampharos,Neo Destiny,1,1st Edition Holofoil,Lightly Played,187.48,https://images.pokemontcg.io/neo4/1.png
Dark Ampharos,Neo Destiny,1,1st Edition Holofoil,Near Mint,,https://images.pokemontcg.io/neo4/1.png
Ampharos,Neo Revelation,1,Unlimited Holofoil,Damaged,,https://images.pokemontcg.io/neo3/1.png
Ampharos,Neo Revelation,1,Unlimited Holofoil,Heavily Played,50.96,https://images.pokemontcg.io/neo3/1.png
Ampharos,Neo Revelation,1,Unlimited Holofoil,Moderately Played,63.64,https://images.pokemontcg.io/neo3/1.png
Ampharos,Neo Revelation,1,Unlimited Holofoil,Lightly Played,79.99,https://images.pokemontcg.io/neo3/1.png
Ampharos,Neo Revelation,1,Unlimited Holofoil,Near Mint,144.63,https://images.pokemontcg.io/neo3/1.png
Ampharos,Neo Revelation,1,1st Edition Holofoil,Damaged,,https://images.pokemontcg.io/neo3/1.png
Ampharos,Neo Revelation,1,1st Edition Holofoil,Heavily Played,50.96,https://images.pokemontcg.io/neo3/1.png
Ampharos,Neo Revelation,1,1st Edition Holofoil,Moderately Played,63.64,https://images.pokemontcg.io/neo3/1.png
Ampharos,Neo Revelation,1,1st Edition Holofoil,Lightly Played,79.99,https://images.pokemontcg.io/neo3/1.png
Ampharos,Neo Revelation,1,1st Edition Holofoil,Near Mint,144.63,https://images.pokemontcg.io/neo3/1.png
Charizard,Arceus,1,Holofoil,Damaged,9.71,https://images.pokemontcg.io/pl4/1.png
Charizard,Arceus,1,Holofoil,Heavily Played,11.94,https://images.pokemontcg.io/pl4/1.png
Charizard,Arceus,1,Holofoil,Moderately Played,16.0,https://images.pokemontcg.io/pl4/1.png
Charizard,Arceus,1,Holofoil,Lightly Played,27.37,https://images.pokemontcg.io/pl4/1.png
Charizard,Arceus,1,Holofoil,Near Mint,54.16,https://images.pokemontcg.io/pl4/1.png
Charizard,Arceus,1,Reverse Holofoil,Damaged,9.71,https://images.pokemontcg.io/pl4/1.png
Charizard,Arceus,1,Reverse Holofoil,Heavily Played,11.94,https://images.pokemontcg.io/pl4/1.png
Charizard,Arceus,1,Reverse Holofoil,Moderately Played,16.0,https://images.pokemontcg.io/pl4/1.png
Charizard,Arceus,1,Reverse Holofoil,Lightly Played,27.37,https://images.pokemontcg.io/pl4/1.png
Charizard,Arceus,1,Reverse Holofoil,Near Mint,54.16,https://images.pokemontcg.io/pl4/1.png
Alolan Sandshrew,McDonald's Collection 2019,4,Holofoil,Damaged,1.6,https://images.pokemontcg.io/mcd19/4.png
Alolan Sandshrew,McDonald's Collection 2019,4,Holofoil,Heavily Played,0.97,https://images.pokemontcg.io/mcd19/4.png
Alolan Sandshrew,McDonald's Collection 2019,4,Holofoil,Moderately Played,1.7,https://images.pokemontcg.io/mcd19/4.png
Alolan Sandshrew,McDonald's Collection 2019,4,Holofoil,Lightly Played,3.49,https://images.pokemontcg.io/mcd19/4.png
Alolan Sandshrew,McDonald's Collection 2019,4,Holofoil,Near Mint,4.33,https://images.pokemontcg.io/mcd19/4.png
Butterfree,Hidden Fates,3,Normal,Damaged,,https://images.pokemontcg.io/sm115/3.png
Butterfree,Hidden Fates,3,Normal,Heavily Played,,https://images.pokemontcg.io/sm115/3.png
Butterfree,Hidden Fates,3,Normal,Moderately Played,0.24,https://images.pokemontcg.io/sm115/3.png
Butterfree,Hidden Fates,3,Normal,Lightly Played,0.35,https://images.pokemontcg.io/sm115/3.png
Butterfree,Hidden Fates,3,Normal,Near Mint,0.22,https://images.pokemontcg.io/sm115/3.png
Butterfree,Hidden Fates,3,Reverse Holofoil,Damaged,,https://images.pokemontcg.io/sm115/3.png
Butterfree,Hidden Fates,3,Reverse Holofoil,Heavily Played,,https://images.pokemontcg.io/sm115/3.png
Butterfree,Hidden Fates,3,Reverse Holofoil,Moderately Played,0.24,https://images.pokemontcg.io/sm115/3.png
Butterfree,Hidden Fates,3,Reverse Holofoil,Lightly Played,0.35,https://images.pokemontcg.io/sm115/3.png
Butterfree,Hidden Fates,3,Reverse Holofoil,Near Mint,0.22,https://images.pokemontcg.io/sm115/3.png
Dragonite,Fossil,4,Unlimited Holofoil,Damaged,89.63,https://images.pokemontcg.io/base3/4.png
Dragonite,Fossil,4,Unlimited Holofoil,Heavily Played,100.86,https://images.pokemontcg.io/base3/4.png
Dragonite,Fossil,4,Unlimited Holofoil,Moderately Played,48.89,https://images.pokemontcg.io/base3/4.png
Dragonite,Fossil,4,Unlimited Holofoil,Lightly Played,70.53,https://images.pokemontcg.io/base3/4.png
Dragonite,Fossil,4,Unlimited Holofoil,Near Mint,181.5,https://images.pokemontcg.io/base3/4.png
Dragonite,Fossil,4,1st Edition Holofoil,Damaged,89.63,https://images.pokemontcg.io/base3/4.png
Dragonite,Fossil,4,1st Edition Holofoil,Heavily Played,100.86,https://images.pokemontcg.io/base3/4.png
Dragonite,Fossil,4,1st Edition Holofoil,Moderately Played,48.89,https://images.pokemontcg.io/base3/4.png
Dragonite,Fossil,4,1st Edition Holofoil,Lightly Played,70.53,https://images.pokemontcg.io/base3/4.png
Dragonite,Fossil,4,1st Edition Holofoil,Near Mint,181.5,https://images.pokemontcg.io/base3/4.png
Exploud,Emerald,3,Holofoil,Damaged,,https://images.pokemontcg.io/ex9/3.png
Exploud,Emerald,3,Holofoil,Heavily Played,6.5,https://images.pokemontcg.io/ex9/3.png
Exploud,Emerald,3,Holofoil,Moderately Played,,https://images.pokemontcg.io/ex9/3.png
Exploud,Emerald,3,Holofoil,Lightly Played,8.7,https://images.pokemontcg.io/ex9/3.png
Exploud,Emerald,3,Holofoil,Near Mint,11.64,https://images.pokemontcg.io/ex9/3.png
Exploud,Emerald,3,Reverse Holofoil,Damaged,,https://images.pokemontcg.io/ex9/3.png
Exploud,Emerald,3,Reverse Holofoil,Heavily Played,6.5,https://images.pokemontcg.io/ex9/3.png
Exploud,Emerald,3,Reverse Holofoil,Moderately Played,,https://images.pokemontcg.io/ex9/3.png
Exploud,Emerald,3,Reverse Holofoil,Lightly Played,8.7,https://images.pokemontcg.io/ex9/3.png
Exploud,Emerald,3,Reverse Holofoil,Near Mint,11.64,https://images.pokemontcg.io/ex9/3.png
Exploud,Emerald,3,Normal,Damaged,,https://images.pokemontcg.io/ex9/3.png
Exploud,Emerald,3,Normal,Heavily Played,6.5,https://images.pokemontcg.io/ex9/3.png
Exploud,Emerald,3,Normal,Moderately Played,,https://images.pokemontcg.io/ex9/3.png
Exploud,Emerald,3,Normal,Lightly Played,8.7,https://images.pokemontcg.io/ex9/3.png
Exploud,Emerald,3,Normal,Near Mint,11.64,https://images.pokemontcg.io/ex9/3.png
Latias,POP Series 7,3,Holofoil,Damaged,0.5,https://images.pokemontcg.io/pop7/3.png
Latias,POP Series 7,3,Holofoil,Heavily Played,1.44,https://images.pokemontcg.io/pop7/3.png
Latias,POP Series 7,3,Holofoil,Moderately Played,3.7,https://images.pokemontcg.io/pop7/3.png
Latias,POP Series 7,3,Holofoil,Lightly Played,6.43,https://images.pokemontcg.io/pop7/3.png
Latias,POP Series 7,3,Holofoil,Near Mint,10.71,https://images.pokemontcg.io/pop7/3.png
Latias,POP Series 7,3,Normal,Damaged,0.5,https://images.pokemontcg.io/pop7/3.png
Latias,POP Series 7,3,Normal,Heavily Played,1.44,https://images.pokemontcg.io/pop7/3.png
Latias,POP Series 7,3,Normal,Moderately Played,3.7,https://images.pokemontcg.io/pop7/3.png
Latias,POP Series 7,3,Normal,Lightly Played,6.43,https://images.pokemontcg.io/pop7/3.png
Latias,POP Series 7,3,Normal,Near Mint,10.71,https://images.pokemontcg.io/pop7/3.png
Pachirisu,POP Series 6,4,Normal,Damaged,0.73,https://images.pokemontcg.io/pop6/4.png
Pachirisu,POP Series 6,4,Normal,Heavily Played,1.36,https://images.pokemontcg.io/pop6/4.png
Pachirisu,POP Series 6,4,Normal,Moderately Played,1.13,https://images.pokemontcg.io/pop6/4.png
Pachirisu,POP Series 6,4,Normal,Lightly Played,1.5,https://images.pokemontcg.io/pop6/4.png
Pachirisu,POP Series 6,4,Normal,Near Mint,2.34,https://images.pokemontcg.io/pop6/4.png
Charmander,Detective Pikachu,4,Holofoil,Damaged,0.12,https://images.pokemontcg.io/det1/4.png
Charmander,Detective Pikachu,4,Holofoil,Heavily Played,0.18,https://images.pokemontcg.io/det1/4.png
Charmander,Detective Pikachu,4,Holofoil,Moderately Played,0.32,https://images.pokemontcg.io/det1/4.png
Charmander,Detective Pikachu,4,Holofoil,Lightly Played,0.35,https://images.pokemontcg.io/det1/4.png
Charmander,Detective Pikachu,4,Holofoil,Near Mint,0.35,https://images.pokemontcg.io/det1/4.png
Team Aqua's Crawdaunt,Team Magma vs Team Aqua,2,Normal,Damaged,0.86,https://images.pokemontcg.io/ex4/2.png
Team Aqua's Crawdaunt,Team Magma vs Team Aqua,2,Normal,Heavily Played,,https://images.pokemontcg.io/ex4/2.png
Team Aqua's Crawdaunt,Team Magma vs Team Aqua,2,Normal,Moderately Played,1.13,https://images.pokemontcg.io/ex4/2.png
Team Aqua's Crawdaunt,Team Magma vs Team Aqua,2,Normal,Lightly Played,1.22,https://images.pokemontcg.io/ex4/2.png
Team Aqua's Crawdaunt,Team Magma vs Team Aqua,2,Normal,Near Mint,1.37,https://images.pokemontcg.io/ex4/2.png
Team Aqua's Crawdaunt,Team Magma vs Team Aqua,2,Reverse Holofoil,Damaged,0.86,https://images.pokemontcg.io/ex4/2.png
Team Aqua's Crawdaunt,Team Magma vs Team Aqua,2,Reverse Holofoil,Heavily Played,,https://images.pokemontcg.io/ex4/2.png
Team Aqua's Crawdaunt,Team Magma vs Team Aqua,2,Reverse Holofoil,Moderately Played,1.13,https://images.pokemontcg.io/ex4/2.png
Team Aqua's Crawdaunt,Team Magma vs Team Aqua,2,Reverse Holofoil,Lightly Played,1.22,https://images.pokemontcg.io/ex4/2.png
Team Aqua's Crawdaunt,Team Magma vs Team Aqua,2,Reverse Holofoil,Near Mint,1.37,https://images.pokemontcg.io/ex4/2.png
Gyarados,HeartGold & SoulSilver,4,Holofoil,Damaged,3.22,https://images.pokemontcg.io/hgss1/4.png
Gyarados,HeartGold & SoulSilver,4,Holofoil,Heavily Played,,https://images.pokemontcg.io/hgss1/4.png
Gyarados,HeartGold & SoulSilver,4,Holofoil,Moderately Played,5.75,https://images.pokemontcg.io/hgss1/4.png
Gyarados,HeartGold & SoulSilver,4,Holofoil,Lightly Played,10.23,https://images.pokemontcg.io/hgss1/4.png
Gyarados,HeartGold & SoulSilver,4,Holofoil,Near Mint,14.83,https://images.pokemontcg.io/hgss1/4.png
Gyarados,HeartGold & SoulSilver,4,Reverse Holofoil,Damaged,3.22,https://images.pokemontcg.io/hgss1/4.png
Gyarados,HeartGold & SoulSilver,4,Reverse Holofoil,Heavily Played,,https://images.pokemontcg.io/hgss1/4.png
Gyarados,HeartGold & SoulSilver,4,Reverse Holofoil,Moderately Played,5.75,https://images.pokemontcg.io/hgss1/4.png
Gyarados,HeartGold & SoulSilver,4,Reverse Holofoil,Lightly Played,10.23,https://images.pokemontcg.io/hgss1/4.png
Gyarados,HeartGold & SoulSilver,4,Reverse Holofoil,Near Mint,14.83,https://images.pokemontcg.io/hgss1/4.png
M Venusaur-EX,XY,2,,Damaged,,https://images.pokemontcg.io/xy1/2.png
M Venusaur-EX,XY,2,,Heavily Played,,https://images.pokemontcg.io/xy1/2.png
M Venusaur-EX,XY,2,,Moderately Played,,https://images.pokemontcg.io/xy1/2.png
M Venusaur-EX,XY,2,,Lightly Played,,https://images.pokemontcg.io/xy1/2.png
M Venusaur-EX,XY,2,,Near Mint,,https://images.pokemontcg.io/xy1/2.png
Beautifly,Deoxys,2,,Damaged,,https://images.pokemontcg.io/ex8/2.png
Beautifly,Deoxys,2,,Heavily Played,,https://images.pokemontcg.io/ex8/2.png
Beautifly,Deoxys,2,,Moderately Played,,https://images.pokemontcg.io/ex8/2.png
Beautifly,Deoxys,2,,Lightly Played,,https://images.pokemontcg.io/ex8/2.png
Beautifly,Deoxys,2,,Near Mint,,https://images.pokemontcg.io/ex8/2.png
Ivysaur,Dark Explorers,2,,Damaged,,https://images.pokemontcg.io/bw5/2.png
Ivysaur,Dark Explorers,2,,Heavily Played,,https://images.pokemontcg.io/bw5/2.png
Ivysaur,Dark Explorers,2,,Moderately Played,,https://images.pokemontcg.io/bw5/2.png
Ivysaur,Dark Explorers,2,,Lightly Played,,https://images.pokemontcg.io/bw5/2.png
Ivysaur,Dark Explorers,2,,Near Mint,,https://images.pokemontcg.io/bw5/2.png
Chimchar,DP Black Star Promos,DP02,Foil,Damaged,,https://images.pokemontcg.io/dpp/DP02.png
Chimchar,DP Black Star Promos,DP02,Foil,Heavily Played,,https://images.pokemontcg.io/dpp/DP02.png
Chimchar,DP Black Star Promos,DP02,Foil,Moderately Played,,https://images.pokemontcg.io/dpp/DP02.png
Chimchar,DP Black Star Promos,DP02,Foil,Lightly Played,0.86,https://images.pokemontcg.io/dpp/DP02.png
Chimchar,DP Black Star Promos,DP02,Foil,Near Mint,0.96,https://images.pokemontcg.io/dpp/DP02.png
Weepinbell,Guardians Rising,2,Normal,Damaged,,https://images.pokemontcg.io/sm2/2.png
Weepinbell,Guardians Rising,2,Normal,Heavily Played,,https://images.pokemontcg.io/sm2/2.png
Weepinbell,Guardians Rising,2,Normal,Moderately Played,,https://images.pokemontcg.io/sm2/2.png
Weepinbell,Guardians Rising,2,Normal,Lightly Played,0.25,https://images.pokemontcg.io/sm2/2.png
Weepinbell,Guardians Rising,2,Normal,Near Mint,0.15,https://images.pokemontcg.io/sm2/2.png
Weepinbell,Guardians Rising,2,Reverse Holofoil,Damaged,,https://images.pokemontcg.io/sm2/2.png
Weepinbell,Guardians Rising,2,Reverse Holofoil,Heavily Played,,https://images.pokemontcg.io/sm2/2.png
Weepinbell,Guardians Rising,2,Reverse Holofoil,Moderately Played,,https://images.pokemontcg.io/sm2/2.png
Weepinbell,Guardians Rising,2,Reverse Holofoil,Lightly Played,0.14,https://images.pokemontcg.io/sm2/2.png
Weepinbell,Guardians Rising,2,Reverse Holofoil,Near Mint,0.15,https://images.pokemontcg.io/sm2/2.png
Deoxys δ,POP Series 4,2,Normal,Damaged,,https://images.pokemontcg.io/pop4/2.png
Deoxys δ,POP Series 4,2,Normal,Heavily Played,,https://images.pokemontcg.io/pop4/2.png
Deoxys δ,POP Series 4,2,Normal,Moderately Played,200.0,https://images.pokemontcg.io/pop4/2.png
Deoxys δ,POP Series 4,2,Normal,Lightly Played,,https://images.pokemontcg.io/pop4/2.png
Deoxys δ,POP Series 4,2,Normal,Near Mint,,https://images.pokemontcg.io/pop4/2.png
Gloom,Boundaries Crossed,2,Normal,Damaged,,https://images.pokemontcg.io/bw7/2.png
Gloom,Boundaries Crossed,2,Normal,Heavily Played,0.49,https://images.pokemontcg.io/bw7/2.png
Gloom,Boundaries Crossed,2,Normal,Moderately Played,0.17,https://images.pokemontcg.io/bw7/2.png
Gloom,Boundaries Crossed,2,Normal,Lightly Played,0.22,https://images.pokemontcg.io/bw7/2.png
Gloom,Boundaries Crossed,2,Normal,Near Mint,0.27,https://images.pokemontcg.io/bw7/2.png
Gloom,Boundaries Crossed,2,Reverse Holofoil,Damaged,,https://images.pokemontcg.io/bw7/2.png
Gloom,Boundaries Crossed,2,Reverse Holofoil,Heavily Played,0.49,https://images.pokemontcg.io/bw7/2.png
Gloom,Boundaries Crossed,2,Reverse Holofoil,Moderately Played,0.17,https://images.pokemontcg.io/bw7/2.png
Gloom,Boundaries Crossed,2,Reverse Holofoil,Lightly Played,0.22,https://images.pokemontcg.io/bw7/2.png
Gloom,Boundaries Crossed,2,Reverse Holofoil,Near Mint,0.27,https://images.pokemontcg.io/bw7/2.png
Venomoth,Phantom Forces,2,Normal,Damaged,,https://images.pokemontcg.io/xy4/2.png
Venomoth,Phantom Forces,2,Normal,Heavily Played,,https://images.pokemontcg.io/xy4/2.png
Venomoth,Phantom Forces,2,Normal,Moderately Played,0.36,https://images.pokemontcg.io/xy4/2.png
Venomoth,Phantom Forces,2,Normal,Lightly Played,0.44,https://images.pokemontcg.io/xy4/2.png
Venomoth,Phantom Forces,2,Normal,Near Mint,0.96,https://images.pokemontcg.io/xy4/2.png
Venomoth,Phantom Forces,2,Reverse Holofoil,Damaged,,https://images.pokemontcg.io/xy4/2.png
Venomoth,Phantom Forces,2,Reverse Holofoil,Heavily Played,,https://images.pokemontcg.io/xy4/2.png
Venomoth,Phantom Forces,2,Reverse Holofoil,Moderately Played,0.36,https://images.pokemontcg.io/xy4/2.png
Venomoth,Phantom Forces,2,Reverse Holofoil,Lightly Played,0.44,https://images.pokemontcg.io/xy4/2.png
Venomoth,Phantom Forces,2,Reverse Holofoil,Near Mint,0.96,https://images.pokemontcg.io/xy4/2.png
Dialga,Call of Legends,3,Reverse Holofoil,Damaged,1.5,https://images.pokemontcg.io/col1/3.png
Dialga,Call of Legends,3,Reverse Holofoil,Heavily Played,2.32,https://images.pokemontcg.io/col1/3.png
Dialga,Call of Legends,3,Reverse Holofoil,Moderately Played,5.08,https://images.pokemontcg.io/col1/3.png
Dialga,Call of Legends,3,Reverse Holofoil,Lightly Played,6.98,https://images.pokemontcg.io/col1/3.png
Dialga,Call of Legends,3,Reverse Holofoil,Near Mint,10.49,https://images.pokemontcg.io/col1/3.png
Dialga,Call of Legends,3,Holofoil,Damaged,1.5,https://images.pokemontcg.io/col1/3.png
Dialga,Call of Legends,3,Holofoil,Heavily Played,2.32,https://images.pokemontcg.io/col1/3.png
Dialga,Call of Legends,3,Holofoil,Moderately Played,5.08,https://images.pokemontcg.io/col1/3.png
Dialga,Call of Legends,3,Holofoil,Lightly Played,6.98,https://images.pokemontcg.io/col1/3.png
Dialga,Call of Legends,3,Holofoil,Near Mint,10.49,https://images.pokemontcg.io/col1/3.png
Delcatty,Legend Maker,4,Holofoil,Damaged,2.94,https://images.pokemontcg.io/ex12/4.png
Delcatty,Legend Maker,4,Holofoil,Heavily Played,2.0,https://images.pokemontcg.io/ex12/4.png
Delcatty,Legend Maker,4,Holofoil,Moderately Played,4.46,https://images.pokemontcg.io/ex12/4.png
Delcatty,Legend Maker,4,Holofoil,Lightly Played,5.84,https://images.pokemontcg.io/ex12/4.png
Delcatty,Legend Maker,4,Holofoil,Near Mint,8.78,https://images.pokemontcg.io/ex12/4.png
Delcatty,Legend Maker,4,Reverse Holofoil,Damaged,2.94,https://images.pokemontcg.io/ex12/4.png
Delcatty,Legend Maker,4,Reverse Holofoil,Heavily Played,2.0,https://images.pokemontcg.io/ex12/4.png
Delcatty,Legend Maker,4,Reverse Holofoil,Moderately Played,4.46,https://images.pokemontcg.io/ex12/4.png
Delcatty,Legend Maker,4,Reverse Holofoil,Lightly Played,5.84,https://images.pokemontcg.io/ex12/4.png
Delcatty,Legend Maker,4,Reverse Holofoil,Near Mint,8.78,https://images.pokemontcg.io/ex12/4.png
Tangrowth,Legendary Treasures,2,Normal,Damaged,,https://images.pokemontcg.io/bw11/2.png
Tangrowth,Legendary Treasures,2,Normal,Heavily Played,,https://images.pokemontcg.io/bw11/2.png
Tangrowth,Legendary Treasures,2,Normal,Moderately Played,0.22,https://images.pokemontcg.io/bw11/2.png
Tangrowth,Legendary Treasures,2,Normal,Lightly Played,0.23,https://images.pokemontcg.io/bw11/2.png
Tangrowth,Legendary Treasures,2,Normal,Near Mint,0.24,https://images.pokemontcg.io/bw11/2.png
Tangrowth,Legendary Treasures,2,Reverse Holofoil,Damaged,,https://images.pokemontcg.io/bw11/2.png
Tangrowth,Legendary Treasures,2,Reverse Holofoil,Heavily Played,,https://images.pokemontcg.io/bw11/2.png
Tangrowth,Legendary Treasures,2,Reverse Holofoil,Moderately Played,0.22,https://images.pokemontcg.io/bw11/2.png
Tangrowth,Legendary Treasures,2,Reverse Holofoil,Lightly Played,0.23,https://images.pokemontcg.io/bw11/2.png
Tangrowth,Legendary Treasures,2,Reverse Holofoil,Near Mint,0.24,https://images.pokemontcg.io/bw11/2.png
Delcatty,Platinum,4,,Damaged,,https://images.pokemontcg.io/pl1/4.png
Delcatty,Platinum,4,,Heavily Played,,https://images.pokemontcg.io/pl1/4.png
Delcatty,Platinum,4,,Moderately Played,,https://images.pokemontcg.io/pl1/4.png
Delcatty,Platinum,4,,Lightly Played,,https://images.pokemontcg.io/pl1/4.png
Delcatty,Platinum,4,,Near Mint,,https://images.pokemontcg.io/pl1/4.png
Kakuna,Champion's Path,3,Normal,Damaged,,https://images.pokemontcg.io/swsh35/3.png
Kakuna,Champion's Path,3,Normal,Heavily Played,,https://images.pokemontcg.io/swsh35/3.png
Kakuna,Champion's Path,3,Normal,Moderately Played,,https://images.pokemontcg.io/swsh35/3.png
Kakuna,Champion's Path,3,Normal,Lightly Played,0.07,https://images.pokemontcg.io/swsh35/3.png
Kakuna,Champion's Path,3,Normal,Near Mint,0.06,https://images.pokemontcg.io/swsh35/3.png
Kakuna,Champion's Path,3,Reverse Holofoil,Damaged,,https://images.pokemontcg.io/swsh35/3.png
Kakuna,Champion's Path,3,Reverse Holofoil,Heavily Played,,https://images.pokemontcg.io/swsh35/3.png
Kakuna,Champion's Path,3,Reverse Holofoil,Moderately Played,,https://images.pokemontcg.io/swsh35/3.png
Kakuna,Champion's Path,3,Reverse Holofoil,Lightly Played,0.07,https://images.pokemontcg.io/swsh35/3.png
Kakuna,Champion's Path,3,Reverse Holofoil,Near Mint,0.06,https://images.pokemontcg.io/swsh35/3.png
Dark Arbok,Team Rocket,2,Normal,Damaged,0.91,https://images.pokemontcg.io/base5/2.png
Dark Arbok,Team Rocket,2,Normal,Heavily Played,1.23,https://images.pokemontcg.io/base5/2.png
Dark Arbok,Team Rocket,2,Normal,Moderately Played,1.02,https://images.pokemontcg.io/base5/2.png
Dark Arbok,Team Rocket,2,Normal,Lightly Played,2.25,https://images.pokemontcg.io/base5/2.png
Dark Arbok,Team Rocket,2,Normal,Near Mint,3.63,https://images.pokemontcg.io/base5/2.png
Dark Arbok,Team Rocket,2,Reverse Holofoil,Damaged,0.91,https://images.pokemontcg.io/base5/2.png
Dark Arbok,Team Rocket,2,Reverse Holofoil,Heavily Played,1.23,https://images.pokemontcg.io/base5/2.png
Dark Arbok,Team Rocket,2,Reverse Holofoil,Moderately Played,1.02,https://images.pokemontcg.io/base5/2.png
Dark Arbok,Team Rocket,2,Reverse Holofoil,Lightly Played,2.25,https://images.pokemontcg.io/base5/2.png
Dark Arbok,Team Rocket,2,Reverse Holofoil,Near Mint,3.63,https://images.pokemontcg.io/base5/2.png
Azumarill,Aquapolis,H4,Normal,Damaged,3.41,https://images.pokemontcg.io/ecard2/H4.png
Azumarill,Aquapolis,H4,Normal,Heavily Played,4.99,https://images.pokemontcg.io/ecard2/H4.png
Azumarill,Aquapolis,H4,Normal,Moderately Played,6.67,https://images.pokemontcg.io/ecard2/H4.png
Azumarill,Aquapolis,H4,Normal,Lightly Played,9.33,https://images.pokemontcg.io/ecard2/H4.png
Azumarill,Aquapolis,H4,Normal,Near Mint,23.84,https://images.pokemontcg.io/ecard2/H4.png
Azumarill,Aquapolis,H4,Reverse Holofoil,Damaged,3.41,https://images.pokemontcg.io/ecard2/H4.png
Azumarill,Aquapolis,H4,Reverse Holofoil,Heavily Played,4.99,https://images.pokemontcg.io/ecard2/H4.png
Azumarill,Aquapolis,H4,Reverse Holofoil,Moderately Played,6.67,https://images.pokemontcg.io/ecard2/H4.png
Azumarill,Aquapolis,H4,Reverse Holofoil,Lightly Played,9.33,https://images.pokemontcg.io/ecard2/H4.png
Azumarill,Aquapolis,H4,Reverse Holofoil,Near Mint,23.84,https://images.pokemontcg.io/ecard2/H4.png
Dark Crobat,Neo Destiny,2,Unlimited Holofoil,Damaged,,https://images.pokemontcg.io/neo4/2.png
Dark Crobat,Neo Destiny,2,Unlimited Holofoil,Heavily Played,40.0,https://images.pokemontcg.io/neo4/2.png
Dark Crobat,Neo Destiny,2,Unlimited Holofoil,Moderately Played,55.0,https://images.pokemontcg.io/neo4/2.png
Dark Crobat,Neo Destiny,2,Unlimited Holofoil,Lightly Played,115.0,https://images.pokemontcg.io/neo4/2.png
Dark Crobat,Neo Destiny,2,Unlimited Holofoil,Near Mint,150.0,https://images.pokemontcg.io/neo4/2.png
Dark Crobat,Neo Destiny,2,1st Edition Holofoil,Damaged,,https://images.pokemontcg.io/neo4/2.png
Dark Crobat,Neo Destiny,2,1st Edition Holofoil,Heavily Played,40.0,https://images.pokemontcg.io/neo4/2.png
Dark Crobat,Neo Destiny,2,1st Edition Holofoil,Moderately Played,55.0,https://images.pokemontcg.io/neo4/2.png
Dark Crobat,Neo Destiny,2,1st Edition Holofoil,Lightly Played,115.0,https://images.pokemontcg.io/neo4/2.png
Dark Crobat,Neo Destiny,2,1st Edition Holofoil,Near Mint,150.0,https://images.pokemontcg.io/neo4/2.png
Flygon,Dragon,4,Normal,Damaged,,https://images.pokemontcg.io/ex3/4.png
Flygon,Dragon,4,Normal,Heavily Played,,https://images.pokemontcg.io/ex3/4.png
Flygon,Dragon,4,Normal,Moderately Played,0.23,https://images.pokemontcg.io/ex3/4.png
Flygon,Dragon,4,Normal,Lightly Played,0.25,https://images.pokemontcg.io/ex3/4.png
Flygon,Dragon,4,Normal,Near Mint,0.36,https://images.pokemontcg.io/ex3/4.png
Flygon,Dragon,4,Reverse Holofoil,Damaged,,https://images.pokemontcg.io/ex3/4.png
Flygon,Dragon,4,Reverse Holofoil,Heavily Played,,https://images.pokemontcg.io/ex3/4.png
Flygon,Dragon,4,Reverse Holofoil,Moderately Played,0.23,https://images.pokemontcg.io/ex3/4.png
Flygon,Dragon,4,Reverse Holofoil,Lightly Played,0.25,https://images.pokemontcg.io/ex3/4.png
Flygon,Dragon,4,Reverse Holofoil,Near Mint,0.36,https://images.pokemontcg.io/ex3/4.png
Pineco,Flashfire,4,Normal,Damaged,0.31,https://images.pokemontcg.io/xy2/4.png
Pineco,Flashfire,4,Normal,Heavily Played,,https://images.pokemontcg.io/xy2/4.png
Pineco,Flashfire,4,Normal,Moderately Played,0.23,https://images.pokemontcg.io/xy2/4.png
Pineco,Flashfire,4,Normal,Lightly Played,0.4,https://images.pokemontcg.io/xy2/4.png
Pineco,Flashfire,4,Normal,Near Mint,0.14,https://images.pokemontcg.io/xy2/4.png
Pineco,Flashfire,4,Reverse Holofoil,Damaged,0.31,https://images.pokemontcg.io/xy2/4.png
Pineco,Flashfire,4,Reverse Holofoil,Heavily Played,,https://images.pokemontcg.io/xy2/4.png
Pineco,Flashfire,4,Reverse Holofoil,Moderately Played,0.23,https://images.pokemontcg.io/xy2/4.png
Pineco,Flashfire,4,Reverse Holofoil,Lightly Played,0.1,https://images.pokemontcg.io/xy2/4.png
Pineco,Flashfire,4,Reverse Holofoil,Near Mint,0.14,https://images.pokemontcg.io/xy2/4.png
Lugia,POP Series 5,2,Holofoil,Damaged,3.67,https://images.pokemontcg.io/pop5/2.png
Lugia,POP Series 5,2,Holofoil,Heavily Played,9.05,https://images.pokemontcg.io/pop5/2.png
Lugia,POP Series 5,2,Holofoil,Moderately Played,23.12,https://images.pokemontcg.io/pop5/2.png
Lugia,POP Series 5,2,Holofoil,Lightly Played,36.82,https://images.pokemontcg.io/pop5/2.png
Lugia,POP Series 5,2,Holofoil,Near Mint,61.5,https://images.pokemontcg.io/pop5/2.png
Lugia,POP Series 5,2,Normal,Damaged,3.67,https://images.pokemontcg.io/pop5/2.png
Lugia,POP Series 5,2,Normal,Heavily Played,9.05,https://images.pokemontcg.io/pop5/2.png
Lugia,POP Series 5,2,Normal,Moderately Played,23.12,https://images.pokemontcg.io/pop5/2.png
Lugia,POP Series 5,2,Normal,Lightly Played,36.82,https://images.pokemontcg.io/pop5/2.png
Lugia,POP Series 5,2,Normal,Near Mint,61.5,https://images.pokemontcg.io/pop5/2.png
Articuno,Legendary Collection,2,Holofoil,Damaged,13.09,https://images.pokemontcg.io/base6/2.png
Articuno,Legendary Collection,2,Holofoil,Heavily Played,13.94,https://images.pokemontcg.io/base6/2.png
Articuno,Legendary Collection,2,Holofoil,Moderately Played,23.9,https://images.pokemontcg.io/base6/2.png
Articuno,Legendary Collection,2,Holofoil,Lightly Played,34.89,https://images.pokemontcg.io/base6/2.png
Articuno,Legendary Collection,2,Holofoil,Near Mint,36.52,https://images.pokemontcg.io/base6/2.png
Articuno,Legendary Collection,2,Reverse Holofoil,Damaged,13.09,https://images.pokemontcg.io/base6/2.png
Articuno,Legendary Collection,2,Reverse Holofoil,Heavily Played,13.94,https://images.pokemontcg.io/base6/2.png
Articuno,Legendary Collection,2,Reverse Holofoil,Moderately Played,23.9,https://images.pokemontcg.io/base6/2.png
Articuno,Legendary Collection,2,Reverse Holofoil,Lightly Played,34.89,https://images.pokemontcg.io/base6/2.png
Articuno,Legendary Collection,2,Reverse Holofoil,Near Mint,36.52,https://images.pokemontcg.io/base6/2.png
Dragonair,Dragon Vault,4,,Damaged,,https://images.pokemontcg.io/dv1/4.png
Dragonair,Dragon Vault,4,,Heavily Played,,https://images.pokemontcg.io/dv1/4.png
Dragonair,Dragon Vault,4,,Moderately Played,,https://images.pokemontcg.io/dv1/4.png
Dragonair,Dragon Vault,4,,Lightly Played,,https://images.pokemontcg.io/dv1/4.png
Dragonair,Dragon Vault,4,,Near Mint,,https://images.pokemontcg.io/dv1/4.png
Espeon δ,Delta Species,4,Holofoil,Damaged,29.56,https://images.pokemontcg.io/ex11/4.png
Espeon δ,Delta Species,4,Holofoil,Heavily Played,38.72,https://images.pokemontcg.io/ex11/4.png
Espeon δ,Delta Species,4,Holofoil,Moderately Played,46.4,https://images.pokemontcg.io/ex11/4.png
Espeon δ,Delta Species,4,Holofoil,Lightly Played,115.81,https://images.pokemontcg.io/ex11/4.png
Espeon δ,Delta Species,4,Holofoil,Near Mint,120.06,https://images.pokemontcg.io/ex11/4.png
Espeon δ,Delta Species,4,Reverse Holofoil,Damaged,37.49,https://images.pokemontcg.io/ex11/4.png
Espeon δ,Delta Species,4,Reverse Holofoil,Heavily Played,38.72,https://images.pokemontcg.io/ex11/4.png
Espeon δ,Delta Species,4,Reverse Holofoil,Moderately Played,46.4,https://images.pokemontcg.io/ex11/4.png
Espeon δ,Delta Species,4,Reverse Holofoil,Lightly Played,115.81,https://images.pokemontcg.io/ex11/4.png
Espeon δ,Delta Species,4,Reverse Holofoil,Near Mint,120.06,https://images.pokemontcg.io/ex11/4.png
Cresselia,Great Encounters,2,,Damaged,,https://images.pokemontcg.io/dp4/2.png
Cresselia,Great Encounters,2,,Heavily Played,,https://images.pokemontcg.io/dp4/2.png
Cresselia,Great Encounters,2,,Moderately Played,,https://images.pokemontcg.io/dp4/2.png
Cresselia,Great Encounters,2,,Lightly Played,,https://images.pokemontcg.io/dp4/2.png
Cresselia,Great Encounters,2,,Near Mint,,https://images.pokemontcg.io/dp4/2.png
Dusknoir,Diamond & Pearl,2,,Damaged,,https://images.pokemontcg.io/dp1/2.png
Dusknoir,Diamond & Pearl,2,,Heavily Played,,https://images.pokemontcg.io/dp1/2.png
Dusknoir,Diamond & Pearl,2,,Moderately Played,,https://images.pokemontcg.io/dp1/2.png
Dusknoir,Diamond & Pearl,2,,Lightly Played,,https://images.pokemontcg.io/dp1/2.png
Dusknoir,Diamond & Pearl,2,,Near Mint,,https://images.pokemontcg.io/dp1/2.png
Brock's Ninetales,Gym Challenge,3,,Damaged,,https://images.pokemontcg.io/gym2/3.png
Brock's Ninetales,Gym Challenge,3,,Heavily Played,,https://images.pokemontcg.io/gym2/3.png
Brock's Ninetales,Gym Challenge,3,,Moderately Played,,https://images.pokemontcg.io/gym2/3.png
Brock's Ninetales,Gym Challenge,3,,Lightly Played,,https://images.pokemontcg.io/gym2/3.png
Brock's Ninetales,Gym Challenge,3,,Near Mint,,https://images.pokemontcg.io/gym2/3.png
Metagross,POP Series 1,2,,Damaged,,https://images.pokemontcg.io/pop1/2.png
Metagross,POP Series 1,2,,Heavily Played,,https://images.pokemontcg.io/pop1/2.png
Metagross,POP Series 1,2,,Moderately Played,,https://images.pokemontcg.io/pop1/2.png
Metagross,POP Series 1,2,,Lightly Played,,https://images.pokemontcg.io/pop1/2.png
Metagross,POP Series 1,2,,Near Mint,,https://images.pokemontcg.io/pop1/2.png
Onix,Southern Islands,3,Normal,Damaged,7.57,https://images.pokemontcg.io/si1/3.png
Onix,Southern Islands,3,Normal,Heavily Played,12.54,https://images.pokemontcg.io/si1/3.png
Onix,Southern Islands,3,Normal,Moderately Played,14.75,https://images.pokemontcg.io/si1/3.png
Onix,Southern Islands,3,Normal,Lightly Played,18.78,https://images.pokemontcg.io/si1/3.png
Onix,Southern Islands,3,Normal,Near Mint,25.25,https://images.pokemontcg.io/si1/3.png
Entei,Secret Wonders,4,,Damaged,,https://images.pokemontcg.io/dp3/4.png
Entei,Secret Wonders,4,,Heavily Played,,https://images.pokemontcg.io/dp3/4.png
Entei,Secret Wonders,4,,Moderately Played,,https://images.pokemontcg.io/dp3/4.png
Entei,Secret Wonders,4,,Lightly Played,,https://images.pokemontcg.io/dp3/4.png
Entei,Secret Wonders,4,,Near Mint,,https://images.pokemontcg.io/dp3/4.png
Charizard,Base Set 2,4,Holofoil,Damaged,110.95,https://images.pokemontcg.io/base4/4.png
Charizard,Base Set 2,4,Holofoil,Heavily Played,131.55,https://images.pokemontcg.io/base4/4.png
Charizard,Base Set 2,4,Holofoil,Moderately Played,185.27,https://images.pokemontcg.io/base4/4.png
Charizard,Base Set 2,4,Holofoil,Lightly Played,230.44,https://images.pokemontcg.io/base4/4.png
Charizard,Base Set 2,4,Holofoil,Near Mint,280.98,https://images.pokemontcg.io/base4/4.png
Froslass,Arceus,2,Holofoil,Damaged,0.96,https://images.pokemontcg.io/pl4/2.png
Froslass,Arceus,2,Holofoil,Heavily Played,0.96,https://images.pokemontcg.io/pl4/2.png
Froslass,Arceus,2,Holofoil,Moderately Played,2.03,https://images.pokemontcg.io/pl4/2.png
Froslass,Arceus,2,Holofoil,Lightly Played,2.13,https://images.pokemontcg.io/pl4/2.png
Froslass,Arceus,2,Holofoil,Near Mint,3.72,https://images.pokemontcg.io/pl4/2.png
Froslass,Arceus,2,Reverse Holofoil,Damaged,0.96,https://images.pokemontcg.io/pl4/2.png
Froslass,Arceus,2,Reverse Holofoil,Heavily Played,0.96,https://images.pokemontcg.io/pl4/2.png
Froslass,Arceus,2,Reverse Holofoil,Moderately Played,2.03,https://images.pokemontcg.io/pl4/2.png
Froslass,Arceus,2,Reverse Holofoil,Lightly Played,2.13,https://images.pokemontcg.io/pl4/2.png
Froslass,Arceus,2,Reverse Holofoil,Near Mint,3.67,https://images.pokemontcg.io/pl4/2.png
